date,News Sentiment,open,high,low,close,volume,TickerName
2022-01-28,0.8751146525686249,0.9770753566525647,2.765040367668734,0.9800133106234086,-13.07009398595159,3.947410970133556,KSCP
2022-01-31,0.7971274210300797,4.158263077987229,5.2111281081864975,4.669985268352414,-2.3426900806384507,6.489067079168316,KSCP
2022-02-01,0.7673878415280829,3.314577484516779,3.050890050102122,2.751322644741242,3.103201085667095,2.6892868338600113,KSCP
2022-02-02,0.8544079160145535,2.3682313246198605,1.906378470459863,1.9224603913412162,1.7173294575583125,1.773848089879027,KSCP
2022-02-03,0.8012752331656087,1.4772165777045927,1.567090171821944,1.679941435716764,0.5115429890152462,1.1653330526489332,KSCP
2022-02-04,0.8420828974583136,1.4693196110564024,1.2899687239666755,1.5605852712271602,-0.11899447863969857,0.323272202718453,KSCP
2022-02-07,1.187933402526122,1.4772165777045927,1.2506916683651415,1.4497019208834232,0.922442854350187,0.2466963774835542,KSCP
2022-02-08,1.1075887445926285,1.1007945008075402,0.8993802265958641,1.2163925458523048,0.4994288434314122,0.21220757473062932,KSCP
2022-02-09,1.1553504261239642,1.0481480564862737,0.9321111062638093,1.240951427434528,-0.03039722331711175,0.14621710255007953,KSCP
2022-02-10,1.2022651671141702,0.9876046455168179,0.8644672882833895,1.1592624475716586,0.27275044459141384,0.041445740336405024,KSCP
2022-02-11,1.0560208195584644,0.9928692899489444,0.7706387665686136,0.9401051280522963,0.7880649615422516,-0.0232044373323656,KSCP
2022-02-14,1.2635217891383876,1.007689264025381,1.2528519064232257,1.0721091165567447,-2.457385016523051,10.548926422500273,KSCP
2022-02-15,1.2413973989803528,1.2455722226910215,1.1415887361386579,1.3729554159389765,0.12264743762845691,2.4031787151110273,KSCP
2022-02-16,1.2274279729200557,1.2876893781480345,1.3816151870369218,1.554077167607871,-1.0376383094814279,5.339773175850297,KSCP
2022-02-17,1.2284499418344894,1.4851135443527823,1.233235199208904,1.5325881462234263,0.6550538391995739,0.5711673713087423,KSCP
2022-02-18,1.1429951275205614,1.2718954448516546,1.099038592570329,1.400614856320955,0.23337794645371765,0.09898203515917288,KSCP
2022-02-22,1.0531499315628527,1.1613379117769957,1.0477602144238818,1.3576061149500869,0.5653123885413047,-0.02198837966811805,KSCP
2022-02-23,0.9135861107511496,1.1060591452396666,0.9495675754200468,1.1273972987187244,0.7597642586437742,-0.026941817986305783,KSCP
2022-02-24,0.8355712322130208,0.7901804793120701,0.6615358343421299,0.9401051280522963,0.3812256945626188,-0.0501207084262198,KSCP
2022-02-25,0.6108891248197902,0.8479862751768202,0.807733763525618,1.0168516329967432,-0.6871675505544099,-0.005693580611855068,KSCP
2022-02-28,0.3128712376638283,0.9060026568188554,0.7642671553265868,1.0843885573478562,0.35797648548317684,-0.11830945665582548,KSCP
2022-03-01,0.06794508253787901,0.8928410457385388,0.7156508887264658,0.9861530310189642,0.36608372456197,-0.1320966330263843,KSCP
2022-03-02,0.050324312392220176,0.8138713792566398,0.6986308312991344,1.0061071223045206,-0.3947500624998263,-0.08090980636117273,KSCP
2022-03-03,-0.012776811429406941,0.8823117568742856,0.6746281862093079,0.918616106667851,0.4220532922257244,-0.07581189211001589,KSCP
2022-03-04,-0.001861304816852077,0.7506956460711204,0.5786176058500022,0.8848476444922944,0.07222335057663593,-0.10912885181611048,KSCP
2022-03-07,-0.16912565229785156,0.7243724239104875,0.56410691586388,0.7405642151967343,0.786989490784323,-0.08160385130640581,KSCP
2022-03-08,-0.30898052880316645,0.582227024243069,0.46087372139118127,0.6791670112411767,0.20307897720179754,-0.11180477028149095,KSCP
2022-03-09,-0.38749398875859864,0.6032856019715754,0.5022455532914638,0.6946084080359994,-0.42171562466567314,-0.05067588210829723,KSCP
2022-03-10,-0.3178766265037777,0.6085502464037019,0.454240263111811,0.6546081296589538,0.37985729705852606,-0.12686856588733716,KSCP
2022-03-11,-0.499129801448291,0.5269482577057396,0.41057726963477226,0.5747917645167291,0.47004024695927354,-0.12346637562529623,KSCP
2022-03-14,-0.17313259638788295,0.6059179241876387,0.6833564207874266,0.6702644166676209,-0.5381269054950012,2.4589300782834815,KSCP
2022-03-15,-0.3658158308745453,0.4953603911129799,0.4236914420883955,0.580931484912285,0.3185213360048941,0.08291765030635201,KSCP
2022-03-16,-0.41055117066699665,0.4716694911684102,0.5327943743148791,0.6054903664945079,-0.4113005716518818,0.5706968904149572,KSCP
2022-03-17,-0.4625377849116473,0.5058896799772331,0.43241967666651415,0.6453985490656203,0.04423967228407417,-0.09652815290800598,KSCP
2022-03-18,-0.5070494542413018,0.5348452243539293,0.42805555937745493,0.6423286888678426,0.05833428497801529,-0.09000898780332002,KSCP
2022-03-21,-0.6164413560675442,0.5243159354896761,0.4193273247993362,0.6116300868900636,0.23864783119934305,-0.11584464742008521,KSCP
2022-03-22,-0.5160300866273567,0.5058896799772331,0.5066096705805232,0.6372634195415088,-0.7251236874966466,-0.06705085907994716,KSCP
2022-03-23,-0.4292072828371635,0.6743583018052846,0.5633431953382947,0.7559442147876017,-0.4014976777786298,0.011971871584343319,KSCP
2022-03-24,-0.5237569726212655,0.6638290129410314,0.5458867261820572,0.8418696017234042,0.06422272876441283,-0.12914701985178,KSCP
2022-03-25,-0.5781244162034945,0.6743583018052846,0.5415007883065526,0.6638177102522874,0.6783706785069835,-0.09076063629941364,KSCP
2022-03-28,-0.24111691481767344,0.540109868786056,0.4258735007329253,0.617831204489575,0.23818626566537768,-0.1188921866311524,KSCP
2022-03-29,-0.09233877864724409,0.49799271332904316,0.37132203461968344,0.6024205062967299,-0.024408298781214026,-0.12687790700369292,KSCP
2022-03-30,0.10114504088500555,0.4900957466808532,0.41714526615480657,0.6054903664945079,0.11806869868926805,-0.04084311166167747,KSCP
2022-03-31,0.016492976951845286,0.4848311022487267,0.36036810022414445,0.580931484912285,0.12031790378220267,-0.14517186064536147,KSCP
2022-04-01,0.1510385208854896,0.4506109134399038,0.33392154945244484,0.42436861482561317,0.7201728691925356,-0.005724406295829081,KSCP
2022-04-04,0.3582581874414539,0.32689176928492825,0.3385911549517383,0.41822889443005756,-0.8199834412086052,0.14713393312039752,KSCP
2022-04-05,0.33600623305726995,0.43744930235958707,0.35386556546344605,0.4949753993745044,0.2996920099437391,0.004361508404031817,KSCP
2022-04-06,0.1919404205652465,0.3742735691740679,0.2534908678150811,0.36966370610121163,0.6364615768478092,-0.07490175600641952,KSCP
2022-04-07,0.11477230934143307,0.2663483583154724,0.1989394017018393,0.27087560493671947,0.42826009222031314,-0.10023922275087743,KSCP
2022-04-08,0.00078698672221203,0.2874069360439788,0.18148293254560188,0.27087560493671947,0.18695941178876765,-0.13236145367507013,KSCP
2022-04-11,0.13475824912064538,0.17421708075325656,0.1378417596550084,0.23710714276116301,-0.304625973280951,-0.14489349537795979,KSCP
2022-04-12,0.12572301564268087,0.22423120285845946,0.1291135250768897,0.25153548569071893,0.30854423855950436,-0.15173212666201277,KSCP
2022-04-13,0.08201317859167769,0.1610554696729402,0.16839058067842375,0.25245644375005233,-0.4910630387928042,-0.12900721447698876,KSCP
2022-04-14,0.12990817547940176,0.2505544250190924,0.3014306962353979,0.3414823894856107,-0.96568029545918,-0.07339207591805587,KSCP
2022-04-18,0.7471635416522098,0.3637442803098147,0.27967557154943723,0.4826959585833929,0.08223508959996893,-0.16609642833808505,KSCP
2022-04-19,0.8206069299120673,0.3505826692294982,0.24694469188149204,0.3537618302767222,0.6601837098624354,-0.12815561603588851,KSCP
2022-04-20,0.9730018340956974,0.2531867472351559,0.1860652556991142,0.3353733676920328,0.12693077405543937,-0.1564349116913209,KSCP
2022-04-21,0.9471075780658653,0.2992523860162637,0.2338523400143141,0.3015742069144984,-0.04504618896594923,-0.0825913629904824,KSCP
2022-04-22,0.8860709021279345,0.24265745837090266,0.14438793558859747,0.28011588413203087,0.18097286916223015,-0.15518320209964886,KSCP
2022-04-25,1.193761445470933,0.1979079806978265,0.11798502598978833,0.26166602434338604,0.15035045523894122,-0.15346396963437095,KSCP
2022-04-26,1.3106848594284253,0.2558190694512191,0.19239322576825021,0.26439819991940827,-0.48399058221655544,-0.10305541364686693,KSCP
2022-04-27,1.3825843637046416,0.2584513916672824,0.1712272569163123,0.28315504572783096,0.2639975397188841,-0.13046800938975728,KSCP
2022-04-28,1.228832149477856,0.21633423621026948,0.14438793558859747,0.23710714276116301,0.2567015216901469,-0.1350649284337001,KSCP
2022-04-29,1.0987723312266569,0.1610554696729402,0.10947499727612267,0.25245644375005233,0.026766599147538258,-0.17140545181888212,KSCP
2022-05-02,0.7848370478367266,0.16632011410506684,0.14875205287765672,0.25245644375005233,-0.4366323927465673,-0.1508851987790904,KSCP
2022-05-03,0.8103128918189753,0.23212816950664944,0.18763633792317558,0.3261637870986991,-0.4134969747602758,-0.16669877465775906,KSCP
2022-05-04,0.8335430926696298,0.3005685471242953,0.20330351899089855,0.3537618302767222,0.0397691898499927,-0.16632824370898053,KSCP
2022-05-05,0.8184421490574509,0.24792210280302918,0.14875205287765672,0.28775983602449795,0.5090352542354593,-0.16668491866849802,KSCP
2022-05-06,0.7573168502812558,0.15579082524081359,0.16561936619987114,0.24938658355227453,-0.3702266471645127,-0.14704537721578204,KSCP
2022-05-09,0.800221736970948,0.26108371388334567,0.16293543406709968,0.26780574473894164,0.5050514474618698,-0.1542853651325876,KSCP
2022-05-10,0.7920746720159485,0.1794817251853833,0.12479304896072094,0.24017700295894082,0.06366918990308025,-0.1669958221578723,KSCP
2022-05-11,0.7173191945728434,0.15842314745687686,0.10146684205069884,0.24020770156091867,0.045772820702084334,-0.16266839432079316,KSCP
2022-05-12,0.7151359130944455,0.12946760308018052,0.05165044319608632,0.11738259504782587,0.3466356465424883,-0.13743617082061016,KSCP
2022-05-13,0.8388459812038034,0.12157063643199055,0.08067182316833096,0.17877979900338342,-0.10875498414436933,-0.15398862900301957,KSCP
2022-05-16,1.0600643145063413,0.15315850302475023,0.07019794167458852,0.18184965920116122,0.10665781002406598,-0.17953829477402586,KSCP
2022-05-17,1.1976685243024434,0.11367366978380068,0.05710558980741048,0.17877979900338342,0.06896903006477967,-0.16734175483358066,KSCP
2022-05-18,1.0528387815587668,0.10840902535167407,0.040740149973437986,0.12352231544338163,0.2697086549548609,-0.1681346599269122,KSCP
2022-05-19,0.8167891495033976,0.04260096995009145,-0.006174110883950044,0.06826483188337985,0.28065230035117417,-0.14864986963515667,KSCP
2022-05-20,0.7146260719342039,0.011013103357331765,-0.023630580040187442,0.0037977677300444984,0.5302616855171306,-0.1550883897686379,KSCP
2022-05-23,0.7405497418771269,-0.04163334096393426,-0.09127439802060722,-0.04225013523662359,0.26958333267695556,-0.1491300030158428,KSCP
2022-05-24,0.6143041875302642,-0.0942797852852004,-0.12400527768855239,-0.08215831780773593,0.1594115792737307,-0.1628941379660574,KSCP
2022-05-25,0.4292111284355595,-0.09164746306913715,-0.08472822208701825,-0.04225013523662359,-0.4315020737183778,-0.1523298024235089,KSCP
2022-05-26,0.3632576518874652,-0.04163334096393426,-0.04763322513001382,0.01914706871893395,-0.1508780490952333,-0.15288077260322624,KSCP
2022-05-27,0.4899641281421734,-0.025839407667554534,-0.01272028681753902,0.028387347914245357,-0.7698380882921594,-0.15057351686335316,KSCP
2022-05-31,0.8630270586842479,0.08471812540710437,0.015646475561346705,0.04063609010337902,0.5329333144826935,-0.16759147401082466,KSCP
2022-06-01,1.0154591026968924,-0.0021485077229847116,-0.049815283774543445,-0.026900834247734273,0.3729240830377878,-0.1328636943644649,KSCP
2022-06-02,1.0741150185879706,-0.057427274260314104,-0.04326910784095447,-0.011551533258844818,-0.6515690427438856,-0.1576489454470247,KSCP
2022-06-03,1.1881729578878024,-0.0021485077229847116,-0.058543518352662145,0.03756622990560108,0.2523065508828844,-0.17119979157378276,KSCP
2022-06-06,1.388015751889762,0.037336325517964834,0.10947499727612267,0.05905525129004628,-1.8010929761876033,-0.06677171538618248,KSCP
2022-06-07,1.1581953820654551,0.20580494734601626,0.13781993906856316,0.20947840098116205,-0.11975572680075948,-0.14494938639082175,KSCP
2022-06-08,1.0034975832880606,0.21633423621026948,0.19669188129797374,0.26964766085760844,-0.35222211438668777,-0.11900972901196241,KSCP
2022-06-09,0.8466389012593744,0.2926715804761053,0.1902111671237206,0.3271461423619879,0.12756534241499234,-0.15237526252310696,KSCP
2022-06-10,0.7908864746503841,0.22159888064239622,0.1552982288112458,0.26473588454116387,0.35815012344406827,-0.13620750264928233,KSCP
2022-06-13,0.5395460770395797,0.13736456972837038,0.07238000031911825,0.0836141328722693,1.096941731058278,-0.15237137039129206,KSCP
2022-06-14,0.4565558125826458,0.050497936598281314,0.015646475561346705,0.0621251114878241,0.16329542617023082,-0.1741943977921673,KSCP
2022-06-15,0.26143673192214106,0.037336325517964834,0.005543544037174317,0.03142650951004546,-0.05452925750198672,-0.14358729594087913,KSCP
2022-06-16,0.17838646169668734,0.0452332921661547,-0.019266462751128092,0.022216928916711762,-0.032200893795666236,-0.1604612442111993,KSCP
2022-06-17,0.02949912334243893,-0.007413152155111326,-0.010538228173009393,0.0007279075322666897,0.4518560580431167,-0.11241116441825248,KSCP
2022-06-21,-0.020769912391737633,-0.04163334096393426,-0.056361459708132514,0.013007348323378198,-0.1743350586764385,-0.138727268786249,KSCP
2022-06-22,-0.15357653627136958,-0.046897985396060875,-0.04545116648548409,0.013007348323378198,0.012814230729161423,-0.16634754868278243,KSCP
2022-06-23,-0.2825585892512061,-0.039001018747871014,-0.058543518352662145,0.01914706871893395,-0.010135991608005369,-0.16985560493018867,KSCP
2022-06-24,-0.37218558871345386,-0.033736374315744395,-0.04983710436098879,0.01914706871893395,-0.010135991608005369,-0.1593108857319873,KSCP
2022-06-27,-0.11735494795471119,-0.025839407667554534,-0.07818204615342926,0.0007279075322666897,0.1510129379916633,-0.1685571897567378,KSCP
2022-06-28,-0.19326432385412276,-0.054794952044250854,-0.07381792886436991,-0.005381114261311357,-0.057198472856371675,-0.169262755412143,KSCP
2022-06-29,-0.11953705149077103,-0.060059596476377465,-0.10109366192099083,-0.054529576027735095,0.410762425594365,-0.15838393561895056,KSCP
2022-06-30,-0.22512918849704502,-0.0942797852852004,-0.12184503963046801,-0.08215831780773593,-0.010135991608005369,-0.16976546315735558,KSCP
2022-07-01,-0.24199094803258067,-0.08901514085307378,-0.1250963070108172,-0.07294873721440236,-0.059708471856284535,-0.18120474993189373,KSCP
2022-07-05,-0.30528040404686024,-0.11533836301370685,-0.13927968820026007,-0.08215831780773593,0.16221865826183893,-0.1733448232596108,KSCP
2022-07-06,-0.5079344353908812,-0.10217675193339026,-0.1277147773842528,-0.07291803861242452,-0.08575502927487134,-0.1771626931994831,KSCP
2022-07-07,-0.4714625689727288,-0.0942797852852004,-0.11527704311043369,-0.0629409929696465,-0.2347093081690011,-0.17059386449283903,KSCP
2022-07-08,-0.4204896780461448,-0.08111817420488393,-0.0629076356417215,-0.02997069444551208,-0.34923113337147854,-0.119009884697235,KSCP
2022-07-11,-0.13653780822220835,-0.052162629828187486,0.06146970709646983,-0.04225013523662359,-0.010135991608005369,0.3094168361984971,KSCP
2022-07-12,-0.21016100591544826,-0.060059596476377465,-0.09345645666513694,-0.06674761961489105,0.38366408513066047,-0.11545621266495813,KSCP
2022-07-13,-0.2324866163411294,-0.10217675193339026,-0.11309498446590396,-0.06066929642329085,-0.010135991608005369,-0.15859878129513308,KSCP
2022-07-14,-0.4061452505779613,-0.10744139636551688,-0.13055145362214135,-0.06066929642329085,0.03878421916332276,-0.17047601074148383,KSCP
2022-07-15,-0.39078654546590497,-0.0942797852852004,-0.12618733633308202,-0.09136789840106962,0.1375965654232902,-0.14365797705463773,KSCP
2022-07-18,-0.43865479613348046,-0.10217675193339026,-0.11745910175496331,-0.08215831780773593,0.16571233359703846,-0.15502284626887497,KSCP
2022-07-19,-0.3651148858926203,-0.10480907414945363,-0.1436438054893194,-0.09443775859884743,-0.08732497469356061,-0.169796133156057,KSCP
2022-07-20,-0.49387382273546604,-0.1127060407976435,-0.13927968820026007,-0.07294873721440236,-0.08653193719610741,-0.169803450363869,KSCP
2022-07-21,-0.4143556472563178,-0.09691210750126365,-0.10218469124325565,-0.07294873721440236,-0.060548683385916395,-0.11859015720231612,KSCP
2022-07-22,-0.42004330719071176,-0.10480907414945363,-0.1425527761670546,-0.127377358521004,0.49059613211198627,-0.15144846809534282,KSCP
2022-07-25,-0.47430099426331546,-0.1548231962546564,-0.18292086109085356,-0.16197468294996073,0.28515134561098554,-0.16780118207301153,KSCP
2022-07-26,-0.566709184876661,-0.17588177398316288,-0.20018094496908326,-0.16504454314773853,-0.03809039776304939,-0.1693812319045886,KSCP
2022-07-27,-0.5573352583311155,-0.17061712955103625,-0.19404936017795482,-0.16811440334551647,-0.03798569961265721,-0.15597050252316697,KSCP
2022-07-28,-0.6465940468766027,-0.17061712955103625,-0.15673615735649746,-0.15276510235662702,-0.5373060240990333,-0.16167449954054014,KSCP
2022-07-29,-0.6902804636622945,-0.12849997409402333,-0.13055145362214135,-0.09750761879662538,-0.3469524950370793,-0.16220741022863633,KSCP
2022-08-01,-0.5472401539117192,-0.09164746306913715,-0.1327335122666711,-0.08676310810440277,0.06422272876441283,-0.1806338520372841,KSCP
2022-08-02,-0.5286626174245795,-0.11007371858158024,-0.12618733633308202,-0.06987887701662442,0.06497382694999393,-0.17660502855304416,KSCP
2022-08-03,-0.5261822866047904,-0.11007371858158024,-0.05199734241907317,-0.08215831780773593,-0.13659640040463647,-0.10820563814961605,KSCP
2022-08-04,-0.6329870113121011,-0.0942797852852004,-0.08472822208701825,-0.043815763937490336,-0.3085656385876113,-0.16556305059417106,KSCP
2022-08-05,-0.5682139022775589,-0.015310118803301305,-0.06508969428625122,-0.011582231860822662,-0.10577421716738643,-0.15457416131325322,KSCP
2022-08-08,-0.04111935131835786,-0.04163334096393426,-0.07381792886436991,-0.011551533258844818,-0.2461954213617157,-0.17244231573437163,KSCP
2022-08-09,0.07818611322575439,-0.04163334096393426,-0.07163587021984019,-0.0023419526655112555,-0.05589520414487845,-0.17563791163967765,KSCP
2022-08-10,0.2401869985955454,-0.015310118803301305,-0.06945381157531057,-0.020761113852178516,0.1945210369399357,-0.1672536369692913,KSCP
2022-08-11,0.24223398521634687,-0.046897985396060875,-0.032358814618306045,0.009968186727578095,-0.5713338812111648,-0.15367040830583328,KSCP
2022-08-12,0.37866292036724136,0.005748458925205151,-0.01272028681753902,0.06826483188337985,-0.20581683469331744,-0.17404820932119963,KSCP
2022-08-15,0.9194065663614885,0.02417471443764836,-0.014902345462068744,0.08668399307004711,-0.09487527408369628,-0.17840070248716672,KSCP
2022-08-16,0.7947576089178994,0.050497936598281314,0.05492353116288085,0.06519497168560204,0.3040557846134819,-0.10343544139727383,KSCP
2022-08-17,0.86360435436603,-0.010045474371174692,-0.05199734241907317,0.0037977677300444984,0.5147490933737732,-0.170296349936908,KSCP
2022-08-18,0.9071948034965255,-0.07322120755669395,-0.09168898916306786,-0.0453199954344014,0.36636385837892504,-0.1596230347035423,KSCP
2022-08-19,0.9736260049534653,-0.09164746306913715,-0.10873086717684462,-0.04842055423415705,-0.13406719222870275,-0.1804062401687487,KSCP
2022-08-22,1.0689510579589732,-0.09164746306913715,-0.13052963303569612,-0.08215831780773593,0.2336630915802518,-0.17193696133952494,KSCP
2022-08-23,1.0757214547743041,-0.13113229631008672,-0.1327335122666711,-0.09750761879662538,0.16630842961468378,-0.17025524902494266,KSCP
2022-08-24,0.7784105408934094,-0.1258676518779601,-0.10875268776328996,-0.09750761879662538,0.14477800916786707,-0.13792035201838382,KSCP
2022-08-25,0.6973767000786911,-0.13376461852614996,-0.15455409871196774,-0.10364733919218112,-0.06287267272319598,-0.17916013524689012,KSCP
2022-08-26,0.5245029911834217,-0.12060300744583348,-0.15673615735649746,-0.1957431451255173,0.3826037286688537,-0.14386067927955776,KSCP
2022-08-29,0.5024244021951232,-0.1916757072795427,-0.18730679896635816,-0.16504454314773853,0.23864783119934305,-0.1694864751488635,KSCP
2022-08-30,0.5289742524268615,-0.1864110628474161,-0.20910556482520956,-0.18960342472996156,0.01846351622754094,-0.15245061419504344,KSCP
2022-08-31,0.3992685271070463,-0.2048373183598592,-0.20258120947806582,-0.18039384413662798,-0.0962657835451706,-0.17402641338303618,KSCP
2022-09-01,0.2740360031709925,-0.1864110628474161,-0.20692350618067992,-0.18039384413662798,-0.0952795645535224,-0.17292789809959863,KSCP
2022-09-02,0.40004943358651396,-0.17588177398316288,-0.20037733024709087,-0.16163699832820513,-0.038195886088164016,-0.17715272934203696,KSCP
2022-09-06,0.5600577255552357,-0.17588177398316288,-0.18073880244632384,-0.16197468294996073,0.0737272268571292,-0.16437236962935667,KSCP
2022-09-07,0.5655261496332823,-0.18904338506347934,-0.19819527160256123,-0.16197468294996073,-0.0666825470242934,-0.17606075284004846,KSCP
2022-09-08,0.5928446418860263,-0.18377874063135272,-0.18073880244632384,-0.16504454314773853,-0.2626750419294282,-0.17351016101910777,KSCP
2022-09-09,0.6817742994840893,-0.16535248511890963,-0.15673615735649746,-0.12820622077440402,-0.2815181827482186,-0.17103959142828146,KSCP
2022-09-12,0.8231401295556217,-0.14429390739040318,-0.15455409871196774,-0.11899664018107045,0.14695989650273852,-0.1742093435783365,KSCP
2022-09-13,0.7473905380698438,-0.1495585518225298,-0.16328233329008643,-0.13281101107107085,0.07010723181546753,-0.1734032052368343,KSCP
2022-09-14,0.6552120462124376,-0.1495585518225298,-0.1785567438017942,-0.14969524215884922,-0.06421506096976447,-0.1362204245269078,KSCP
2022-09-15,0.7001587920092239,-0.1548231962546564,-0.15673615735649746,-0.13127608097218196,-0.2785790254434522,-0.1335725294105946,KSCP
2022-09-16,0.6520961115651279,-0.1495585518225298,-0.14800792277837876,-0.13127608097218196,-0.1914987242236603,-0.03845131881878473,KSCP
2022-09-19,0.5170703136111473,-0.12323532966189672,-0.14582586413384904,-0.1189659415790926,0.04044817191064685,-0.1513123991670939,KSCP
2022-09-20,0.40921791313014094,-0.11533836301370685,-0.1349155709112007,-0.09750761879662538,-0.21385851317627597,-0.13440466719262037,KSCP
2022-09-21,0.3321349602083032,-0.10480907414945363,-0.1349155709112007,-0.07601859741218017,0.08900896888855298,-0.16706043154599964,KSCP
2022-09-22,0.23805714026671881,-0.11007371858158024,-0.14584768472029438,-0.08829803820329167,0.11546995496702575,-0.16600659793579714,KSCP
2022-09-23,0.21105606882874334,-0.11797068522977011,-0.14800792277837876,-0.12206650037884825,0.34760355657545255,-0.1666665478063317,KSCP
2022-09-26,0.17104982107033503,-0.16272016290284627,-0.18510291973538318,-0.18653356453218375,0.5804386828299776,-0.1621695787073955,KSCP
2022-09-27,0.05733029767518124,-0.21010196279198579,-0.22582013404230686,-0.1926732849277395,0.019024290890981732,-0.17589121157819138,KSCP
2022-09-28,0.08624157584128125,-0.20746964057592254,-0.20692350618067992,-0.18241995186716128,-0.30288685921595326,-0.18056394934988848,KSCP
2022-09-29,-0.0010205311503161305,-0.19694035171166932,-0.2003991508335362,-0.18039384413662798,0.18702728210674197,-0.16785785151223648,KSCP
2022-09-30,-0.21122794451090898,-0.21010196279198579,-0.21128762346973928,-0.2295116073010739,0.4238643218496911,-0.16348076007319923,KSCP
2022-10-03,-0.27064709774638257,-0.24168982938474548,-0.24604781767709696,-0.257109650479097,-0.19449645534127502,-0.1665802981653135,KSCP
2022-10-04,-0.26696429567151975,-0.22589589608836563,-0.2211068873701228,-0.1957431451255173,-0.3099695414967907,-0.17663600992229075,KSCP
2022-10-05,-0.43938151726539315,-0.21273428500804917,-0.23051156012804566,-0.20891284537398436,0.16279126507203828,-0.18293207803134662,KSCP
2022-10-06,-0.7585957145983793,-0.21273428500804917,-0.23310820991503603,-0.2110924461144066,0.04887886583042222,-0.18474487734545472,KSCP
2022-10-07,-0.764397288485945,-0.22589589608836563,-0.24401850313768436,-0.22644174710329606,0.22781191358373468,-0.17843853400840753,KSCP
2022-10-10,-0.3356142208130907,-0.24168982938474548,-0.2483826204267437,-0.23872118789440758,-0.19449645534127502,-0.17897019921432297,KSCP
2022-10-11,-0.43508050333517895,-0.23116054052049226,-0.22874409262597667,-0.2417603494902077,0.10979742834750876,-0.170367653791757,KSCP
2022-10-12,-0.7392390731906422,-0.22589589608836563,-0.23638129788183046,-0.2110924461144066,-0.2539350747962636,-0.17834792517975664,KSCP
2022-10-13,-0.846544908426747,-0.23642518495261888,-0.2309261512705063,-0.22125368336905143,-0.12816570648486053,-0.18331475243138765,KSCP
2022-10-14,-0.9395943154164007,-0.2048373183598592,-0.22248158431617648,-0.1926732849277395,-0.010135991608005369,-0.18356104653263455,KSCP
2022-10-17,-0.5986298978445567,-0.20746964057592254,-0.21346968211426892,-0.18960342472996156,-0.12632149218990968,-0.18083670994747672,KSCP
2022-10-18,-0.6117459393262271,-0.18904338506347934,-0.21128762346973928,-0.16811440334551647,-0.1531335307857331,-0.18264234773904542,KSCP
2022-10-19,-0.6277369916016927,-0.18904338506347934,-0.2047414475361502,-0.18960342472996156,0.29852284767373233,-0.1836734512994489,KSCP
2022-10-20,-0.7247514910830105,-0.21273428500804917,-0.18946703702444254,-0.18039384413662798,-0.6249128135846952,-0.17626423349133144,KSCP
2022-10-21,-0.9589513725684925,-0.17061712955103625,-0.17419262651273487,-0.13434594116995976,-0.010135991608005369,-0.17635811171070687,KSCP
2022-10-24,-0.9923971744106634,-0.16008784068678303,-0.18076062303276919,-0.16197468294996073,0.26025935520079013,-0.18177113295359806,KSCP
2022-10-25,-0.8293502762445953,-0.18377874063135272,-0.19164909566897217,-0.16197468294996073,-0.010135991608005369,-0.17849660461508585,KSCP
2022-10-26,-0.8992306660944526,-0.19430802949560597,-0.16110027464555682,-0.1589048227521828,-0.5432739867310072,-0.17931955696602844,KSCP
2022-10-27,-0.91931291998249,-0.13113229631008672,-0.09129621860705256,-0.09686294815509203,-0.4290583599033223,-0.15341306055023207,KSCP
2022-10-28,-0.8873198674968867,-0.10480907414945363,-0.10220651182970089,-0.054529576027735095,-0.2827846329735403,-0.1808600627383661,KSCP
2022-10-31,-0.4455145779850594,-0.0758535297727573,-0.03672293190736539,-0.020761113852178516,-0.6078749013541364,-0.16957537143951582,KSCP
2022-11-01,-0.3092701640368998,0.01627774778945838,0.006918240983228005,0.05905525129004628,-0.05439713468682607,-0.16824348393245683,KSCP
2022-11-02,-0.2546444046289871,0.018910070005521744,-0.041087049196424745,0.022216928916711762,0.25385946533549325,-0.18201773842539015,KSCP
2022-11-03,-0.12306422659554651,-0.04163334096393426,-0.07599998750889954,-0.005381114261311357,0.0811017021004829,-0.1846594061307995,KSCP
2022-11-04,-0.049598180268360964,-0.033736374315744395,-0.07163587021984019,-0.048389855632179346,0.15151340050594897,-0.17558887077880989,KSCP
2022-11-07,0.31519122974417746,-0.06269191869244072,-0.10853448189883702,-0.03764534493995674,0.06068183731810722,-0.1864306374771245,KSCP
2022-11-08,0.35738602507614253,-0.04953030761212424,-0.0956603358961119,-0.042219436634645745,0.10902862437343548,-0.18021552570981858,KSCP
2022-11-09,0.3628376115078261,-0.08375049642094717,-0.12105949851843731,-0.057599436225512904,0.2078537423827983,-0.18369166647634264,KSCP
2022-11-10,0.27202927446186553,-0.0942797852852004,-0.10654880853231499,-0.057599436225512904,-0.010135991608005369,-0.17320455082900177,KSCP
2022-11-11,0.26698740409168076,-0.0942797852852004,-0.1349155709112007,-0.13434594116995976,0.6635839580749829,-0.17781205647148113,KSCP
2022-11-14,0.3298011792735251,-0.16272016290284627,-0.17822943500511473,-0.16504454314773853,0.09961857720737288,-0.1532318428929303,KSCP
2022-11-15,0.44624750060004437,-0.1732494517670995,-0.1589182160010271,-0.16504454314773853,0.10126284041059952,-0.1412190115741484,KSCP
2022-11-16,0.49676612152845717,-0.18377874063135272,-0.20692350618067992,-0.17732398393885004,-0.03840926931615002,-0.1768542806744704,KSCP
2022-11-17,0.4559565170954306,-0.15745551847071979,-0.1872849783799129,-0.18960342472996156,0.13069491818824291,-0.176539952109099,KSCP
2022-11-18,0.4495003537214825,-0.20220499614379595,-0.2093237706896626,-0.1957431451255173,-0.038845922253727544,-0.17329624945456082,KSCP
2022-11-21,0.4814078321607555,-0.19694035171166932,-0.22001585804785798,-0.20188286552107307,0.04706302406308598,-0.16915144044223684,KSCP
2022-11-22,0.2892153145940212,-0.21010196279198579,-0.2309261512705063,-0.2510006286855191,0.6527518256654946,-0.15450223471731386,KSCP
2022-11-23,0.23459038667481785,-0.23642518495261888,-0.24401850313768436,-0.2540704888832969,0.08479003439933842,-0.1754168385525913,KSCP
2022-11-25,0.2966648991033844,-0.26538072932931517,-0.2723852655165701,-0.324677273432188,0.5347339421554074,-0.1667050020686629,KSCP
2022-11-28,0.5360427379444703,-0.3364534291630244,-0.28765967602827786,-0.324677273432188,-0.4251614076401101,-0.1620057978006245,KSCP
2022-11-29,0.5506217838101229,-0.2943362737060115,-0.23310820991503603,-0.3185375530366322,0.3501926093156091,-0.10806162927246472,KSCP
2022-11-30,0.5904624267339325,-0.30486556257026476,-0.30293408653998555,-0.3139327627399654,-0.07898665861950423,-0.1657808542905329,KSCP
2022-12-01,0.5824531117417708,-0.30486556257026476,-0.2723852655165701,-0.3031882520477429,-0.3171215344299169,-0.16416048197335348,KSCP
2022-12-02,0.6201788631335209,-0.28643930705782167,-0.27893144145015913,-0.2878389510588535,-0.10840742822353605,-0.1725095717721331,KSCP
2022-12-05,0.4186714547196002,-0.2706453737614418,-0.2727125743132495,-0.3093279724432987,0.4748121847338555,-0.16436863318281436,KSCP
2022-12-06,0.39284555399074367,-0.3180271736505813,-0.31493540908489875,-0.32774713362996594,0.19737671640804702,-0.16377298132986196,KSCP
2022-12-07,0.3895035929959608,-0.3180271736505813,-0.3160264384071636,-0.349236155014411,0.13217734881767648,-0.16295828029836695,KSCP
2022-12-08,0.3168532370925812,-0.34171807359515105,-0.32931517555234924,-0.39835391817885696,0.2437718340539116,-0.13634435000389425,KSCP
2022-12-09,0.07286028946134974,-0.38383522905216394,-0.35964579071131175,-0.39528405798107913,0.29030328262398963,-0.1616989421283377,KSCP
2022-12-12,0.028643244297684355,-0.37593826240397404,-0.3683958458758757,-0.4505415415410809,0.7334512121161815,-0.11626982389954496,KSCP
2022-12-13,0.05523134301004964,-0.4285847067252401,-0.32911879027434165,-0.45668126193663666,0.22902948327404282,0.025051769761498376,KSCP
2022-12-14,0.037751925944968796,-0.46017257331799977,-0.43822172250082525,-0.5119387454966383,0.731204725095867,-0.08932381691862491,KSCP
2022-12-15,0.14286055226679514,-0.4812311510465062,-0.45349613301253294,-0.5027291649033048,-0.06004117306600454,-0.1679936090699402,KSCP
2022-12-16,0.14744039207752202,-0.4812311510465062,-0.44804098640120876,-0.5180784658921941,-0.10928095210456372,-0.15770187843970737,KSCP
2022-12-19,-0.04894088844367331,-0.4785988288304429,-0.4447678984344142,-0.5180784658921941,0.33230548379129154,-0.16584966718102034,KSCP
2022-12-20,0.009912159562230568,-0.5075543732071393,-0.47095260216877033,-0.5487770678699728,0.45140089346217893,-0.16212832211015757,KSCP
2022-12-21,0.030342391475102724,-0.5207159842874558,-0.3793061390985241,-0.5457072076721949,-1.5410508228048598,-0.0729756178138615,KSCP
2022-12-22,0.028180659412420307,-0.4496432844537466,-0.4011267255438208,-0.48737986391441535,-0.10081735791583313,-0.1358797851504677,KSCP
2022-12-23,0.1101612887041081,-0.42595238450917683,-0.4076729014774098,-0.46220701029263683,-0.23410804092251972,-0.15832446384481888,KSCP
2022-12-27,0.5234948111234169,-0.4285847067252401,-0.4120370187664692,-0.4658908425299702,0.2942564309691475,-0.15656257361484965,KSCP
2022-12-28,0.6197464890046941,-0.45490792888587317,-0.4120370187664692,-0.4935195843099711,-0.2821800905314886,-0.1401138018239892,KSCP
2022-12-29,0.6698996706453773,-0.45490792888587317,-0.3705779045204054,-0.4628209823321924,-0.5787615003382666,-0.13301611024633642,KSCP
2022-12-30,0.6778920787004503,-0.39173219570035384,-0.3683958458758757,-0.42598265995885787,-0.25393507479626265,-0.13648462243450327,KSCP
2023-01-03,1.0609821741053003,-0.38646755126822724,-0.353121435364168,-0.39528405798107913,0.06855048497656388,-0.1478111930716819,KSCP
2023-01-04,1.0559056583722286,-0.3627766513236575,-0.3563945233309625,-0.3799347569921898,-0.3282481643242344,-0.15295550153407234,KSCP
2023-01-05,0.9870714545454631,-0.3575120068915309,-0.353121435364168,-0.379351483554612,-0.048268668722066276,-0.16156723238772147,KSCP
2023-01-06,1.0434961051305451,-0.3575120068915309,-0.353121435364168,-0.37379503659663404,-0.12395035952497285,-0.1640105570558435,KSCP
2023-01-09,0.988780510296667,-0.3601443291075942,-0.353121435364168,-0.4137032191677464,0.6250892578046164,-0.143467106910435,KSCP
2023-01-10,0.8553313188715743,-0.410158451212797,-0.3858523150321131,-0.447471681343303,-0.010135991608005369,-0.1549705360172827,KSCP
2023-01-11,0.7152857196435678,-0.40489380678067033,-0.3836702563875834,-0.42291279976108,0.07157688792212513,-0.16547851349115142,KSCP
2023-01-12,0.8523333516848941,-0.4180554178609869,-0.4011267255438208,-0.48737986391441535,0.36165761025408844,-0.09089654954238996,KSCP
2023-01-13,0.6928606077356759,-0.4338493511573667,-0.39894466689929114,-0.4500503639094364,-0.22755915059168597,-0.14499204415551306,KSCP
2023-01-17,0.49325031010270853,-0.4285847067252401,-0.39894466689929114,-0.4505415415410809,0.2856089189641147,-0.16870104294861654,KSCP
2023-01-18,0.48864767364320216,-0.43648167337343,-0.4120588393529145,-0.4484540366065919,0.03386325121591106,-0.15764910113229733,KSCP
2023-01-19,0.26479636205199614,-0.4391139955894933,-0.4185831947000582,-0.472030562925526,0.2111697237860981,-0.16240248387519915,KSCP
2023-01-20,0.09754164598187917,-0.45227560666980987,-0.3902164323211724,-0.4689607027277481,-0.42070561329620715,-0.1017914049186598,KSCP
2023-01-23,-0.2820182601716241,-0.4338493511573667,-0.40156313727272674,-0.45668126193663666,0.11955945090202738,-0.12176909478345437,KSCP
2023-01-24,-0.1870453426344974,-0.42595238450917683,-0.40551266341932546,-0.447471681343303,-0.09813447725583822,-0.1511554684123171,KSCP
2023-01-25,-0.11468448338339955,-0.4391139955894933,-0.4120370187664692,-0.45668126193663666,-0.053620623404741496,-0.16386654817869217,KSCP
2023-01-26,-0.173571622426384,-0.42595238450917683,-0.4076729014774098,-0.453580703136881,0.16279126507203828,-0.15540583203946118,KSCP
2023-01-27,-0.16692802763921846,-0.43648167337343,-0.41640113605552853,-0.4658908425299702,0.12264743762845673,-0.1080508869886556,KSCP
2023-01-30,-0.09166000669756665,-0.45227560666980987,-0.4316755465672362,-0.4919846542110822,0.2151934640659899,-0.16073898673751064,KSCP
2023-01-31,-0.18828758676616514,-0.46543721775012636,-0.43603966385629556,-0.4781702833210817,0.036338208624756355,-0.16512152716108874,KSCP
2023-02-01,0.03856539906554997,-0.47070186218225296,-0.4447678984344142,-0.5272880464855277,0.36399593479410164,-0.1066877067418048,KSCP
2023-02-02,0.14521172517374237,-0.4864957954786328,-0.4316755465672362,-0.49965930470552683,-0.650310405410285,-0.07504078295484777,KSCP
2023-02-03,0.14739091849931973,-0.46280489553406307,-0.4251293706336472,-0.49044972411219323,-0.10081735791583313,-0.11470254026032077,KSCP
2023-02-06,0.6012046372413278,-0.46280489553406307,-0.42294731198911756,-0.472030562925526,0.16904164784360515,-0.14736297517187794,KSCP
2023-02-07,0.6838051413657855,-0.45490792888587317,-0.3923984909657021,-0.4658908425299702,-0.8822444404203231,-0.11440206768421045,KSCP
2023-02-08,0.7888125339372568,-0.4075261289967337,-0.38159730067528025,-0.44133196094774724,0.21581592112586429,-0.13118556281115235,KSCP
2023-02-09,0.9601515571927313,-0.4233200622931135,-0.4011267255438208,-0.472030562925526,0.6254086269596755,-0.12252027622373018,KSCP
2023-02-10,1.0688349959933023,-0.4575402511019364,-0.42951530850915187,-0.5242181862877499,0.7311347410765421,-0.0801984803506815,KSCP
2023-02-13,1.4603916125829899,-0.5022897287750127,-0.4681595671037724,-0.5487770678699728,0.4272682458768103,-0.09489205637829436,KSCP
2023-02-14,1.677267868538952,-0.5259806287195824,-0.4927731886140671,-0.5886852504410852,0.20856612713440276,-0.1256771064961598,KSCP
2023-02-15,1.6990919180461215,-0.5128190176392659,-0.48186289539141874,-0.5671962290566401,0.10252873622899275,-0.12806111507542273,KSCP
2023-02-16,1.7125127347851068,-0.5417745620159622,-0.502985223070466,-0.5917551106388631,0.44745613376072546,-0.11505937090511087,KSCP
2023-02-17,1.4793140306656563,-0.5444068842320255,-0.5080475991257748,-0.619383852418864,0.41651240397144657,-0.03480797206949255,KSCP
2023-02-21,1.3174285186849484,-0.5786270730408486,-0.5276861269265419,-0.6255235728144197,0.3131627926199009,-0.12721403150722774,KSCP
2023-02-22,1.2949020517679313,-0.5865240396890384,-0.5429605374382496,-0.6378030136055312,0.05746284509419349,-0.09527737742796952,KSCP
2023-02-23,1.207825643921407,-0.5891563619051017,-0.5385964201491902,-0.6439427340010869,0.12630202742395566,-0.12176566970745725,KSCP
2023-02-24,1.2314508019089705,-0.6102149396336082,-0.5516887720163681,-0.6470125941988649,0.05935813958117104,-0.125645035330005,KSCP
2023-02-27,1.283206288276463,-0.5996856507693549,-0.5189797129348684,-0.6316632932099754,-0.5713338812111642,-0.06349796547403327,KSCP
2023-02-28,1.3980883931219967,-0.5759947508247852,-0.5342323028601309,-0.6439427340010869,0.25077179917240994,-0.11072882936257983,KSCP
2023-03-01,1.2683824296153117,-0.5865240396890384,-0.5167758337038935,-0.622423014014664,-0.4157290118211971,-0.07691258698726978,KSCP
2023-03-02,1.2205051711533856,-0.5759947508247852,-0.5342323028601309,-0.6285934330121975,0.11806869868926838,-0.14174974266842824,KSCP
2023-03-03,1.4129499253672846,-0.5707301063926585,-0.5298681855710715,-0.619383852418864,-0.07536293930310956,-0.13990440513234756,KSCP
2023-03-06,1.6261009116121579,-0.5786270730408486,-0.5364143615046606,-0.6255235728144197,0.1838432789287378,-0.1500703420623228,KSCP
2023-03-07,1.7465106278075597,-0.5891563619051017,-0.5429605374382496,-0.6500824543966427,0.5209977253378428,-0.09211042761282118,KSCP
2023-03-08,1.6656146928598123,-0.6075826174175447,-0.5604170065944869,-0.6562221747921985,0.13286154756972302,-0.11882119414684862,KSCP
2023-03-09,1.6918716685163873,-0.6207442284978614,-0.564759303297101,-0.6961303573633107,1.0833746021040345,0.1208528579387351,KSCP
2023-03-10,1.5977944202232905,-0.6448826232191618,-0.5625990652390166,-0.689990636967755,-1.3776526881122575,0.08133651067786678,KSCP
2023-03-13,1.2820818903466544,-0.6217708341621261,-0.5721783026885019,-0.6869207767699772,0.7933713460085194,-0.06993025819661065,KSCP
2023-03-14,0.9913097257234893,-0.6331424661355195,-0.5713272998171353,-0.700550956048111,0.5005895178618559,-0.08220339529117311,KSCP
2023-03-15,0.7366851209378342,-0.6523320950906211,-0.595351765493407,-0.7268289593410896,0.7320606797109005,-0.06108935862170017,KSCP
2023-03-16,0.4515076367564157,-0.6748121268158016,-0.6086186820521474,-0.7237590991433117,-0.10474978797903958,-0.1034246991134647,KSCP
2023-03-17,0.25530914516981096,-0.6760229950351907,-0.6143356757008152,-0.7544577011210903,0.943180936243516,-0.014683470992639948,KSCP
2023-03-20,-0.4607801563616761,-0.6960286438772719,-0.633668715291348,-0.7647417327836463,0.3561900572855288,-0.10520215787069354,KSCP
2023-03-21,-0.7706825116394098,-0.704978539411887,-0.6395602736315782,-0.7667064433102242,-0.32988424007718453,-0.06840376409880662,KSCP
2023-03-22,-0.9459080863488842,-0.7031359138606429,-0.6312902713688107,-0.7544577011210903,-0.3552980778688247,-0.07524986827594424,KSCP
2023-03-23,-1.0063708964959586,-0.6959759974329506,-0.6302428832194364,-0.7575275613188683,0.15426253982761484,-0.11839010162703023,KSCP
2023-03-24,-1.0160943254623058,-0.6997138949797606,-0.6278426187104538,-0.7575275613188683,-0.5597439247954484,-0.14292563353234602,KSCP
2023-03-27,-1.3642328276178373,-0.6843148100157901,-0.621536469227763,-0.7483179807255348,-0.30014503597546865,-0.12441590010285938,KSCP
2023-03-28,-1.6383510962214467,-0.6812876394673174,-0.5625990652390166,-0.7329379811346675,-2.329077251696033,0.08560664633463055,KSCP
2023-03-29,-1.7204198633163184,-0.6102149396336082,-0.5625990652390166,-0.6961303573633107,0.927078375066143,-0.031846059758353175,KSCP
2023-03-30,-1.7945836672520434,-0.6391704840103044,-0.5844414722707586,-0.6915255670666439,-0.38668915810252363,-0.12941822359664226,KSCP
2023-03-31,-1.5723076110205727,-0.6391704840103044,-0.5822375930397837,-0.689990636967755,0.2825201754820616,-0.10949097576016883,KSCP
2023-04-03,-1.2124977790157485,-0.6470674506584945,-0.5931478862624321,-0.7360385399344233,1.1241495733949918,-0.03149950434155442,KSCP
2023-04-04,-1.0571305105686117,-0.6792870745831092,-0.6128082346496444,-0.7605974215166461,0.7285267935484713,-0.09706293181937332,KSCP
2023-04-05,-1.068485597545474,-0.6997138949797606,-0.6361999033190024,-0.7698070021099799,0.425081224689387,-0.05825884468063183,KSCP
2023-04-06,-1.0237864275118762,-0.7165870803847263,-0.6411531764420848,-0.7866605345957803,0.3638644451292459,-0.041995961105251035,KSCP
2023-04-10,-0.6279006562959698,-0.7207724727082669,-0.6486376375928216,-0.7790165827033134,-0.13855154488274238,-0.11703454995853664,KSCP
2023-04-11,-0.6376440409913396,-0.7128755060600771,-0.6302428832194364,-0.7667371419122019,-0.965919058642327,-0.02084736230526178,KSCP
2022-08-19,0.9736260049534653,6.128529933488452,12.302818702907935,6.65311495611692,-15.327368894326758,5.275702147395584,GCT
2022-08-22,1.0689510579589732,13.333195838853717,12.73923043181387,8.614755622496983,1.0120834511288483,2.674399585353289,GCT
2022-08-23,1.0757214547743041,7.700026296478245,6.825851505138456,6.886424331148039,2.642069514068459,1.023573983371895,GCT
2022-08-24,0.7784105408934094,6.075883489167187,7.000416196700831,6.895664610343351,-0.8977513474048952,1.6199950772561844,GCT
2022-08-25,0.6973767000786911,7.012990198085723,6.1336152207478625,6.772839503830257,1.1419005212041156,0.1831414457074966,GCT
2022-08-26,0.5245029911834217,5.7836957231841595,4.829027818942906,4.900224783185755,1.7308023028256065,0.19107594562535304,GCT
2022-08-29,0.5024244021951232,3.9068499831310226,4.072093495742009,4.5132689052558534,-0.04481104255887414,0.08996770219059042,GCT
2022-08-30,0.5289742524268615,4.099009504903644,3.5309429518986497,3.957777702467947,1.071305944700508,-0.04069521065271125,GCT
2022-08-31,0.3992685271070463,3.2908865845722093,2.7519480158015566,3.3470290161200387,0.8514738038961823,0.048049909599928414,GCT
2022-09-01,0.2740360031709925,3.0144927518855624,5.005010848624225,3.518787694185711,-4.578248505954544,2.73977183131636,GCT
2022-09-02,0.40004943358651396,4.375403337590291,4.002267619117059,4.7805002354724175,1.1248956386010072,0.31502352992049776,GCT
2022-09-06,0.5600577255552357,4.022672160637808,4.33394053308557,4.439745753519073,-0.10289886632409656,0.266413450202023,GCT
2022-09-07,0.5655261496332823,4.278007415595949,3.8888005696015164,5.02301919109687,0.015517583680655696,-0.033474372024435,GCT
2022-09-08,0.5928446418860263,4.283272060028075,4.152829665589606,5.047578072679092,0.033993812767316355,0.04622200881437848,GCT
2022-09-09,0.6817742994840893,4.428049781911557,3.7251461712617906,4.5686798818257435,0.7297517732916831,-0.07200118369268298,GCT
2022-09-12,0.8231401295556217,3.854203538809757,3.3563564397498307,4.409047151541294,0.1336515892226391,-0.11892503622367018,GCT
2022-09-13,0.7473905380698438,3.635720794876503,3.0945312229927153,4.148109034730174,0.36689413985777897,-0.11846498624314891,GCT
2022-09-14,0.6552120462124376,3.440928950887818,3.0617785227383245,3.8902407781168336,-0.10722156123371474,-0.026765426572454485,GCT
2022-09-15,0.7001587920092239,3.533060228450034,3.4654593719763143,3.9454982616768355,0.4080501335092882,0.025795166938144397,GCT
2022-09-16,0.6520961115651279,3.2514017513312603,2.767222426313264,3.5955341991301575,0.5068209718749797,-0.10574565515732626,GCT
2022-09-19,0.5170703136111473,2.94078772983579,2.545067035713698,3.1104962878812534,0.8430794789761188,-0.11638907881835352,GCT
2022-09-20,0.40921791313014094,2.6617615749330796,2.8108635992038575,3.119705868474587,-0.27350146692855426,0.2475741310504506,GCT
2022-09-21,0.3321349602083032,2.735466596982852,2.3569954011416856,3.027610062541251,0.3903403772099703,-0.12222696517015927,GCT
2022-09-22,0.23805714026671881,2.4853959864568385,2.2107974719581978,2.9662128585856937,-0.19317284175549768,-0.09789787193630581,GCT
2022-09-23,0.21105606882874334,2.577527264019054,2.1104227743098325,2.699135021379018,0.2689883341142871,-0.13297065014673837,GCT
2022-09-26,0.17104982107033503,2.474866697592585,2.1758845336457227,2.803510268103466,0.18127101091070114,-0.16224166098860746,GCT
2022-09-27,0.05733029767518124,2.395897031110686,2.0798739532864174,2.7451829243456864,0.2220489639183624,-0.16105627332306133,GCT
2022-09-28,0.08624157584128125,2.2827071758199637,2.036778295056956,2.7206240427634634,-0.040862735563550724,-0.14650359246714786,GCT
2022-09-29,-0.0010205311503161305,2.353779875653673,1.9096733790131024,2.4443366249634546,0.4121480993958536,-0.13794292638291022,GCT
2022-09-30,-0.21122794451090898,2.1431940983686086,1.7722036844077333,2.137350605185667,0.8658175206325298,-0.1234755610563794,GCT
2022-10-03,-0.27064709774638257,1.7114932549342263,1.4671518859024852,1.5080292646412032,1.365242911422884,-0.037390946427133205,GCT
2022-10-04,-0.26696429567151975,1.3377035002532371,1.1132219737597722,1.3361170935656421,0.5132627682949419,-0.08122600314981526,GCT
2022-10-05,-0.43938151726539315,1.08500056751116,0.8928340506622753,1.1892242831019706,-0.019843396356362696,-0.12895973046884698,GCT
2022-10-06,-0.7585957145983793,1.1402793340484898,0.9473855167755171,1.265510309016751,0.32918020305101053,-0.12024742692910081,GCT
2022-10-07,-0.764397288485945,1.0692066342147801,0.8361005259045038,0.9953626116122979,0.9447437508793389,-0.11353801442130251,GCT
2022-10-10,-0.3356142208130907,0.8059744126084498,0.6113484855179474,0.8234504405367371,0.2113084734509212,-0.13082234907018583,GCT
2022-10-11,-0.43508050333517895,0.6585643685089049,0.9212008130411609,0.7927518385589581,-0.1663013171074306,-0.015817949574047183,GCT
2022-10-12,-0.7392390731906422,0.8533562124975892,0.6775957859658683,0.7559135161856236,0.7193324677416718,-0.10740619427483546,GCT
2022-10-13,-0.846544908426747,0.5638007687306258,0.5764355472054726,0.7129354734167335,-0.5319515731688376,-0.11945794691176637,GCT
2022-10-14,-0.9395943154164007,0.6875199128856011,0.6222587787405958,0.8050312793500697,-0.1198455790427224,-0.11274137288142864,GCT
2022-10-17,-0.5986298978445567,0.7138431350462342,0.6069843682288881,0.7559135161856236,0.6745888971202447,-0.12846729795162576,GCT
2022-10-18,-0.6117459393262271,0.6059179241876387,0.4649323504700063,0.6613618220940651,0.3867966794191405,-0.14344173021100184,GCT
2022-10-19,-0.6277369916016927,0.513786646625423,0.40405291428762846,0.5840013451100627,0.28338527301996314,-0.15695816989251615,GCT
2022-10-20,-0.7247514910830105,0.47956645781659996,0.3647758586860944,0.5747917645167291,-0.03923920897490052,-0.167407142648071,GCT
2022-10-21,-0.9589513725684925,0.47956645781659996,0.3425843222712276,0.5410233023411727,0.13481278104778105,-0.16057411603383143,GCT
2022-10-24,-0.9923971744106634,0.3821705358222577,0.2862217474830261,0.35683169047450003,0.6255349777784774,-0.15513820905586861,GCT
2022-10-25,-0.8293502762445953,0.32689176928492825,0.42150938344386585,0.4212987546278354,-1.0123622227145186,-0.11797784702519595,GCT
2022-10-26,-0.8992306660944526,0.4900957466808532,0.3756861519087427,0.5133945605611715,0.23202842339795585,-0.16395528878407192,GCT
2022-10-27,-0.91931291998249,0.4190230468471441,0.3239931826198349,0.4826959585833929,0.4315989809014124,-0.17955853385946335,GCT
2022-10-28,-0.8873198674968867,0.4427139467917138,0.31022439257285256,0.4734863779900592,-0.18233513352308073,-0.17839634329953402,GCT
2022-10-31,-0.4455145779850594,0.44797859122384026,0.31458850986191184,0.40324797666490153,0.26526667643799073,-0.16688014800033343,GCT
2022-11-01,-0.3092701640368998,0.35321499144556145,0.26658321968225906,0.40287959344116825,0.2917477022116424,-0.17148671953117722,GCT
2022-11-02,-0.2546444046289871,0.3005685471242953,0.19675734305730946,0.3261330884967214,0.3542051772546263,-0.17200608560055758,GCT
2022-11-03,-0.12306422659554651,0.20580494734601626,0.18148293254560188,0.307713927310054,-0.27134929502399674,-0.1785496932930411,GCT
2022-11-04,-0.049598180268360964,0.31109783598854857,0.2534908678150811,0.39673987304561237,-0.4138937492862973,-0.16371444366736587,GCT
2022-11-07,0.31519122974417746,0.7901804793120701,0.8426467018380929,0.8234504405367371,-1.9887800530200055,4.95400811177769,GCT
2022-11-08,0.35738602507614253,0.6217118574840185,0.5589790780492352,0.7037258928233998,0.5822131367824495,0.007040696260136815,GCT
2022-11-09,0.3628376115078261,0.5348452243539293,0.48478908413522637,0.4796260983856151,-0.3250992639037021,-0.10852930783134318,GCT
2022-11-10,0.27202927446186553,0.7085784906141075,0.6506037205330362,0.7961900819804695,-0.351713152329363,-0.1128215507968156,GCT
2022-11-11,0.26698740409168076,0.7270047461265507,0.6288049546741848,0.7405642151967343,-0.6507263191406661,-0.13100590200657652,GCT
2022-11-14,0.3298011792735251,0.8033420903923866,0.6397152478968331,0.894057225085628,-0.02170033381211481,-0.16177304831809342,GCT
2022-11-15,0.44624750060004437,0.8586208569297159,0.7117231831663123,0.9738735902278527,-0.20642453917494902,-0.1323583399696182,GCT
2022-11-16,0.49676612152845717,0.7954451237441966,0.6200767200960661,0.844939461921182,0.5748342745592829,-0.15439699147303895,GCT
2022-11-17,0.4559565170954306,0.7191077794783607,0.5960740750062397,0.8572189027122935,-0.1444456671575305,-0.17761853967764427,GCT
2022-11-18,0.4495003537214825,0.8086067348245131,0.613530544162477,0.8572189027122935,0.27770421628522857,-0.17404042505756984,GCT
2022-11-21,0.4814078321607555,0.6611966907249681,0.49569937735787467,0.7436340753945121,0.3142476878689887,-0.17666465601244843,GCT
2022-11-22,0.2892153145940212,0.6032856019715754,0.5393405502484682,0.749773795790068,-0.07536293930310925,-0.17632261546855496,GCT
2022-11-23,0.23459038667481785,0.6717259795892213,0.5033365826137286,0.749773795790068,-0.10065965119181981,-0.176783132504894,GCT
2022-11-25,0.2966648991033844,0.6875199128856011,0.5749735679136379,0.8418696017234042,-0.44453401440220375,-0.1765134856127577,GCT
2022-11-28,0.5360427379444703,0.7191077794783607,0.999754924244229,0.8971270852834058,-2.146742080231075,0.13168746311451027,GCT
2022-11-29,0.5506217838101229,1.195558100585819,1.0935834459590053,1.3238376527745304,-0.0007591037930725686,0.08994108000897649,GCT
2022-11-30,0.5904624267339325,1.1192207563199834,0.999754924244229,1.1856939438745262,0.5062440109782355,-0.09030977174997555,GCT
2022-12-01,0.5824531117417708,1.0692066342147801,0.8317145880289991,1.1949035244678599,0.06048965867787427,-0.16383650092108115,GCT
2022-12-02,0.6201788631335209,1.0639419897826536,0.9012349764437143,1.1949035244678599,-0.4481394129797874,-0.15391405575744607,GCT
2022-12-05,0.4186714547196002,1.2166166783143253,1.06085256629106,1.3698855557411986,-0.07747247836181215,-0.11881963729412266,GCT
2022-12-06,0.39284555399074367,1.1560732673448693,0.9408175202554826,1.240951427434528,0.42838979520369463,-0.16156910061099264,GCT
2022-12-07,0.3895035929959608,0.9928692899489444,0.788095235724851,1.0475502349745218,0.7800520450471256,-0.16443090729185278,GCT
2022-12-08,0.3168532370925812,0.9086349790349186,0.7335437696116092,1.087458417545634,-0.3728614568393164,-0.16964262747727732,GCT
2022-12-09,0.07286028946134974,0.9375905234116151,0.7553643560569059,1.0168516329967432,0.2492548934120601,-0.16635190787041512,GCT
2022-12-12,0.028643244297684355,0.8612531791457793,0.6724461275647783,0.9554544290411856,0.3034248774323138,-0.1761849896875801,GCT
2022-12-13,0.05523134301004964,0.8849440790903489,0.6833564207874266,0.9748559454911417,-0.15043546400879548,-0.1745384622446045,GCT
2022-12-14,0.037751925944968796,0.7901804793120701,0.6440793651858926,0.9278256872611848,0.25379156526940716,-0.1764351759206419,GCT
2022-12-15,0.14286055226679514,0.7480633238550571,0.5851637817835913,0.7866121181634025,0.644220747669279,-0.16815256373326076,GCT
2022-12-16,0.14744039207752202,0.5927563131073222,0.49569937735787467,0.7589833763834017,-0.04927216022506817,-0.1742917010875398,GCT
2022-12-19,-0.04894088844367331,0.6401381129964616,0.473878790912578,0.6853067316367326,0.09368072095383582,-0.17480982167473938,GCT
2022-12-20,0.009912159562230568,0.5901239908912588,0.43241967666651415,0.6853067316367326,0.35836740138805223,-0.17782700225765036,GCT
2022-12-21,0.030342391475102724,0.574330057594879,0.4978814360024045,0.6945470108320441,-0.5778655140044985,-0.17545700535292105,GCT
2022-12-22,0.028180659412420307,0.5874916686751955,0.4433299698891627,0.6975861724278442,0.46586273741958845,-0.1769016089973396,GCT
2022-12-23,0.1101612887041081,0.5874916686751955,0.43089223561534346,0.6883765918345105,-0.1750721550958104,-0.1817775160497745,GCT
2022-12-27,0.5234948111234169,0.574330057594879,0.5062169000245078,0.710786571278289,-0.1446002237461942,-0.16859564401906904,GCT
2022-12-28,0.6197464890046941,0.566433090946689,0.4550694453967323,0.6546081296589538,0.3464688840678919,-0.1774686147601343,GCT
2022-12-29,0.6698996706453773,0.5611684465145625,0.43896585260010323,0.6975861724278442,-0.34308548581286424,-0.18196262583889117,GCT
2022-12-30,0.6778920787004503,0.5901239908912588,0.4520582044672814,0.7037258928233998,-0.1296410779208221,-0.18203003756192523,GCT
2023-01-03,1.0609821741053003,0.5901239908912588,0.454240263111811,0.6822368714389548,0.27736696941013456,-0.18133428007869362,GCT
2023-01-04,1.0559056583722286,0.5559038020824358,0.4654778651311388,0.7129354734167335,-0.2820143110684031,-0.1790000907866614,GCT
2023-01-05,0.9870714545454631,0.6454027574285881,0.6789923034983674,0.7896819783611804,-0.9150304723305615,-0.10335791013152101,GCT
2023-01-06,1.0434961051305451,0.8270329903369563,0.6724461275647783,0.8787079240967387,0.0015556310920612525,-0.14910929687458754,GCT
2023-01-09,0.988780510296667,0.8007097681763233,0.6222587787405958,0.9063366658767396,0.2826148759999423,-0.16993220208430593,GCT
2023-01-10,0.8553313188715743,0.7164754572622974,0.5873458404281209,0.8111709997456256,0.07519368750788422,-0.16899513242855044,GCT
2023-01-11,0.7152857196435678,0.6875199128856011,0.5567970194047056,0.8602887629100716,-0.10878769359463059,-0.17764080267162552,GCT
2023-01-12,0.8523333516848941,0.703313846181981,0.5437046675375277,0.8541490425145157,0.0750540317319182,-0.17676289341945653,GCT
2023-01-13,0.6928606077356759,0.7059461683980442,0.6396934273103879,0.8664284833056272,-0.33022319850914517,-0.1576895793031723,GCT
2023-01-17,0.49325031010270853,0.7875481570960066,0.5960740750062397,0.8480093221189601,0.2967412670718176,-0.16052180578223918,GCT
2023-01-18,0.48864767364320216,0.7006815239659175,0.5524329021156463,0.7896819783611804,0.10066342616546603,-0.1545901968963306,GCT
2023-01-19,0.26479636205199614,0.6848875906695377,0.5633431953382947,0.8326600211300704,-0.28507579802703215,-0.17388349430279304,GCT
2023-01-20,0.09754164598187917,0.7375340349908039,0.5668781303424326,0.8787079240967387,0.05012229070351686,-0.17753306846298905,GCT
2023-01-23,-0.2820182601716241,0.7112108128301707,0.5778320647379717,0.8725989023031608,0.03846447922364088,-0.16894484608550192,GCT
2023-01-24,-0.1870453426344974,0.6980492017498543,0.5511236669289284,0.8326600211300704,0.25892516763429885,-0.16526880542896458,GCT
2023-01-25,-0.11468448338339955,0.6532997240767782,0.5151196992941889,0.7866121181634025,0.09137761982191785,-0.1693412207895314,GCT
2023-01-26,-0.173571622426384,0.6480350796446516,0.5022455532914638,0.798891558954514,-0.023000822122264383,-0.1682097002283035,GCT
2023-01-27,-0.16692802763921846,0.6269765019161452,0.5197020224477011,0.798891558954514,-0.20277516355727704,-0.16332211678042388,GCT
2023-01-30,-0.09166000669756665,0.6454027574285881,0.5044276119359934,0.749773795790068,0.4280046166469876,-0.16624199406796233,GCT
2023-01-31,-0.18828758676616514,0.5795947020270055,0.49133526006881545,0.7436340753945121,-0.35599050496809204,-0.1643314244026639,GCT
2023-02-01,0.03856539906554997,0.6585643685089049,0.5000634946469341,0.7620532365811795,0.002574900763347983,-0.15466461445663152,GCT
2023-02-02,0.14521172517374237,0.6348734685643349,0.5436828469510822,0.8081011395478475,-0.09926459479412404,-0.16199194181136345,GCT
2023-02-03,0.14739091849931973,0.6638290129410314,0.5197020224477011,0.8234504405367371,0.07793694284325232,-0.16690614744085697,GCT
2023-02-06,0.6012046372413278,0.6532997240767782,0.49351731871334503,0.725214914207845,0.39730905152853585,-0.15362058901860257,GCT
2023-02-07,0.6838051413657855,0.582227024243069,0.4258735007329253,0.6668875704500653,0.11110105247745972,-0.169968788123366,GCT
2023-02-08,0.7888125339372568,0.5506391576503094,0.3996887969985692,0.6576779898567319,0.09941645092962817,-0.17587299640129764,GCT
2023-02-09,0.9601515571927313,0.5374775465699928,0.39096056242045046,0.651538269461176,0.11495344453251188,-0.17930118610386211,GCT
2023-02-10,1.0688349959933023,0.5085220021932964,0.38441438648686144,0.5287438615500611,0.4422364517222977,-0.15011035317737997,GCT
2023-02-13,1.4603916125829899,0.4321846579274606,0.3287718910513548,0.5410233023411727,-0.11550259942317265,-0.17579406396809147,GCT
2023-02-14,1.677267868538952,0.4321846579274606,0.3462283602075922,0.507254840165616,-0.14371453119917646,-0.16941657246146788,GCT
2023-02-15,1.6990919180461215,0.44797859122384026,0.3996887969985692,0.5870712053078406,-0.4767005115918094,-0.16125010148744337,GCT
2023-02-16,1.7125127347851068,0.5374775465699928,0.39750673835403955,0.6511084890334872,0.168215182716984,-0.17715771127076005,GCT
2023-02-17,1.4793140306656563,0.5032573577611696,0.39096056242045046,0.6546081296589538,-0.08041833600537629,-0.18149634844746607,GCT
2023-02-21,1.3174285186849484,0.5058896799772331,0.3647758586860944,0.5870712053078406,0.29621079644315745,-0.17411951317604862,GCT
2023-02-22,1.2949020517679313,0.445346269007777,0.34295527224079775,0.5870712053078406,-0.06822874189895753,-0.18107304019127748,GCT
2023-02-23,1.207825643921407,0.45587555787203027,0.3353180669849439,0.5778616247145069,0.14838066034870162,-0.1769207582858689,GCT
2023-02-24,1.2314508019089705,0.445346269007777,0.3233167444400305,0.5686520441211734,0.04876200472658375,-0.17431629936061,GCT
2023-02-27,1.283206288276463,0.4348169801435238,0.35386556546344605,0.5747917645167291,-0.1733986511083263,-0.15273147042680665,GCT
2023-02-28,1.3980883931219967,0.4716694911684102,0.334227037662679,0.5747917645167291,0.07700313382842351,-0.15591725815993912,GCT
2023-03-01,1.2683824296153117,0.44797859122384026,0.32113468579550086,0.5625123237256175,0.07803640409051425,-0.15704582070098771,GCT
2023-03-02,1.2205051711533856,0.44797859122384026,0.31458850986191184,0.5410233023411727,0.09396621691338124,-0.17228958848195494,GCT
2023-03-03,1.4129499253672846,0.4190230468471441,0.3058602752837931,0.5502328829345061,-0.0704676105714283,-0.1649224056974384,GCT
2023-03-06,1.6261009116121579,0.42692001349533404,0.3298629203736196,0.556372603330062,0.01978703469880232,-0.16903919136069512,GCT
2023-03-07,1.7465106278075597,0.4190230468471441,0.3189526271509713,0.556372603330062,-0.025157955319604786,-0.17065271352588032,GCT
2023-03-08,1.6656146928598123,0.4321846579274606,0.31458850986191184,0.5379534421433946,0.004855685886433564,-0.16779479897683508,GCT
2023-03-09,1.6918716685163873,0.41639072463108084,0.313497480539647,0.5348835819456167,0.09501775437319321,-0.16734284463048882,GCT
2023-03-10,1.5977944202232905,0.42165536906320733,0.29931409935020425,0.5272089314511722,-0.04061087700653833,-0.14851333365108996,GCT
2023-03-13,1.2820818903466544,0.4058614357668276,0.3495014481743866,0.5348835819456167,-0.4957439613870652,-0.16506096559004887,GCT
2023-03-14,0.9913097257234893,0.4821987800326634,0.3604117413970349,0.5947458558022853,0.1608035954550263,-0.172255649092529,GCT
2023-03-15,0.7366851209378342,0.4321846579274606,0.4804249668461671,0.5717219043189513,-1.030745879072576,-0.13758998786993504,GCT
2023-03-16,0.4515076367564157,0.6454027574285881,0.5371584916039386,0.7559135161856236,-0.12552021287555143,-0.15537703026403094,GCT
2023-03-17,0.25530914516981096,0.7243724239104875,0.5524329021156463,0.6051833804747301,0.7725873807332443,0.05619645285906063,GCT
2023-03-20,-0.4607801563616761,0.4585078800880935,0.3516835068189164,0.5717219043189513,0.31438973297750256,-0.1743047786504379,GCT
2023-03-21,-0.7706825116394098,0.445346269007777,0.3451373308853274,0.5717219043189513,-0.17242684956368157,-0.1709513178787195,GCT
2023-03-22,-0.9459080863488842,0.461140202304157,0.3647758586860944,0.5901410655056184,0.07649552727248314,-0.17148329445518012,GCT
2023-03-23,-1.0063708964959586,0.46640484673628346,0.35386556546344605,0.5871019039098183,-0.08317992124692328,-0.16456059312392526,GCT
2023-03-24,-1.0160943254623058,0.47430181338447347,0.3625938000415648,0.6055210650964857,-0.11140273141480167,-0.161766665221917,GCT
2023-03-27,-1.3642328276178373,0.4769341356005367,0.40623497293215827,0.6208396674833973,-0.33839905659181213,-0.16641106827400162,GCT
2023-03-28,-1.6383510962214467,0.5585361242984993,0.42260041276613064,0.6791670112411767,0.1128839501846001,-0.17695314082256886,GCT
2023-03-29,-1.7204198633163184,0.5322129021378661,0.4411479112446329,0.6881617016206659,-0.31591016884038225,-0.17513240155955834,GCT
2023-03-30,-1.7945836672520434,0.582227024243069,0.5502508434711165,0.7467039355922902,-0.62422955303193,-0.15448977989550616,GCT
2023-03-31,-1.5723076110205727,0.7191077794783607,0.59389201636171,0.872568203701183,-0.3430854858128647,-0.16851608884477248,GCT
2023-04-03,-1.2124977790157485,0.7533279682871836,0.6157126028070068,0.9462448484478518,-0.15177164946023158,-0.17831024934378842,GCT
2023-04-04,-1.0571305105686117,0.8059744126084498,0.6157126028070068,0.8633586231078494,0.47632292671622906,-0.1758591404120366,GCT
2023-04-05,-1.068485597545474,0.7059461683980442,0.5327943743148791,0.7743326773722911,0.3368713701299489,-0.17618156461158296,GCT
2023-04-06,-1.0237864275118762,0.62302801859205,0.45969540972313505,0.7114005433178445,0.10686199499195395,-0.18108160288127026,GCT
2023-04-10,-0.6279006562959698,0.6190795352679552,0.49351731871334503,0.7620532365811795,-0.12900428349997112,-0.18218790242833763,GCT
2023-04-11,-0.6376440409913396,0.6269765019161452,0.5677073126273539,0.7912169084600692,-0.6601248060522248,-0.17250801491940715,GCT
2023-04-12,-0.5881491212455049,0.7612249349353737,0.5742534885609429,0.8480093221189601,0.32459779784982723,-0.1788870632787567,GCT
2023-04-13,-0.5127820145659969,0.6559320462928414,0.5306123156703495,0.8326600211300704,0.039937220763993794,-0.18361973988040325,GCT
2023-04-14,-0.45254412211478345,0.6559320462928414,0.49351731871334503,0.7282847744056228,0.4183718885042389,-0.17425402525157158,GCT
2023-04-17,-0.2556843198413961,0.6059179241876387,0.454240263111811,0.7467039355922902,-0.06363147389032103,-0.18086364349963582,GCT
2023-04-18,-0.1481819761069976,0.5901239908912588,0.4391404172916656,0.6917841366540439,0.016420694239286455,-0.17645572637662457,GCT
2023-04-19,-0.15115842852332512,0.5690654131627523,0.43460173531104396,0.6484684092633981,0.3629902038091497,-0.17470831487700678,GCT
2023-04-20,-0.0854446285956815,0.5321865789157055,0.38439256590041615,0.6362196670742644,-0.010135991608005369,-0.18176303731942306,GCT
2023-04-21,-0.22286449041586315,0.513786646625423,0.40405291428762846,0.6465957945427536,0.04598379735231068,-0.18199516406086375,GCT
2023-04-24,-0.19126071322765553,0.4848311022487267,0.3756861519087427,0.6331191082745088,-0.0666825470242934,-0.18131326256689315,GCT
2023-04-25,-0.3031294813373985,0.490122069903014,0.38441438648686144,0.6392895272720424,-0.010135991608005369,-0.1842057392464547,GCT
2023-04-26,-0.4476929398219274,0.5032836809833304,0.38005026919780216,0.6024205062967299,0.2003132169931789,-0.17935769985781447,GCT
2023-04-27,-0.5282039128199588,0.4585078800880935,0.3236658738231554,0.5503556773424172,0.19200421911313365,-0.17810163107850974,GCT
2023-04-28,-0.6461255029889221,0.5006250355451064,0.5000634946469341,0.6081304462645968,-0.7819231092458847,-0.10464558302116274,GCT
2023-05-01,-0.879777156252084,0.5322129021378661,0.43241967666651415,0.6607478500545096,-0.0773681076770998,-0.17077274687105184,GCT
2023-05-02,-1.0012067972855094,0.5506391576503094,0.43896585260010323,0.6024205062967299,0.5229014304165019,-0.16413370410646697,GCT
2023-05-03,-1.087463773009036,0.4953603911129799,0.3625938000415648,0.6054903664945079,-0.010135991608005369,-0.18636602808899716,GCT
2023-05-04,-1.093130922888601,0.461140202304157,0.46515055633445934,0.5747917645167291,-0.12497571419089148,-0.17515886805589967,GCT
2023-05-05,-1.2798899389030787,0.4953603911129799,0.3571386534302405,0.5625123237256175,0.2867334243275065,-0.16710760418359624,GCT
2023-05-08,-1.3679978084934676,0.4321846579274606,0.37544612545784445,0.5717219043189513,-0.3193504723645979,-0.18019528662438108,GCT
2023-05-09,-1.5162162141810984,0.4848311022487267,0.3887785037759209,0.630049248076731,-0.05961422759725756,-0.17572073620469872,GCT
2023-05-10,-1.7244193240079664,0.5216836132736129,0.3996887969985692,0.6527662135402872,-0.18567593582995698,-0.17922427757919968,GCT
2023-05-11,-1.804720623269807,0.5611684465145625,0.4084170315766879,0.6270100864809309,0.23681178822659507,-0.17265249085237627,GCT
2023-05-12,-1.9878399360408527,0.4848311022487267,0.3593207120747701,0.6054903664945079,-0.010135991608005369,-0.18315533071224932,GCT
2023-05-15,-1.9437372205747137,0.5058896799772331,0.4105990902212175,0.630049248076731,-0.3790914743719146,-0.17826572335582597,GCT
2023-05-16,-1.8248371067763767,0.5638007687306258,0.4105990902212175,0.6484684092633981,0.30081865722210976,-0.18118046302936874,GCT
2023-05-17,-1.8157109638661972,0.5295805799218029,0.40623497293215827,0.6668875704500653,-0.08068506217007344,-0.18525817168920383,GCT
2023-05-18,-1.778149847238885,0.49799271332904316,0.386596445131391,0.6484684092633981,0.03179561762456191,-0.17831507558723889,GCT
2023-05-19,-1.7017316002493927,0.5006250355451064,0.37786821055327235,0.651538269461176,0.017976946150943744,-0.18684226933786838,GCT
2023-05-22,-1.9153241427269254,0.5216836132736129,0.4105990902212175,0.6638177102522874,-0.2852773668000674,-0.18211737699985162,GCT
2023-05-23,-1.894604829906126,0.5374775465699928,0.486971142779756,0.6945163122300664,-0.2754598794876333,-0.16828614169714814,GCT
2023-05-24,-2.014297352444409,2.0142103097815065,1.780931918985852,1.1949035244678599,-1.9807734573081475,4.7827737725811375,GCT
2023-05-25,-2.098758589718789,0.9849723233007545,0.814279939459207,0.8142408599434033,1.412649579763693,0.17109451931401617,GCT
2023-05-26,-2.2109167158993626,0.6743583018052846,0.847010819127152,0.8480093221189601,-0.8577483481847991,0.6502313585702708,GCT
2023-05-30,-2.4280109344945857,0.842826923633336,0.8033696462365586,1.041410514578966,-0.3675189887467614,0.044926551661106956,GCT
2023-05-31,-2.57202394745357,0.9060026568188554,0.7160873004553718,0.9738735902278527,0.0008638190979734936,-0.10759457345467664,GCT
2023-06-01,-2.357108783602472,0.8691501457939692,0.7139052418108419,1.0045721922056317,0.06697675544487358,-0.11830758843255433,GCT
2023-06-02,-2.396008597051729,0.9060026568188554,0.7509784181814011,1.0783716313602116,-0.12145144126731539,-0.06951924907695714,GCT
2023-06-05,-2.080640173580625,0.9060026568188554,0.7160873004553718,1.062930234565389,-0.010135991608005369,-0.12437199685598731,GCT
2023-06-06,-2.1198958641974546,0.8796794346582224,0.7073590658772531,1.0935981379411899,-0.03207071738157974,-0.1392168989685635,GCT
2023-06-07,-2.133126512539554,0.9244289123312985,0.8448069398961771,1.1089474389300793,-0.2288381103504135,-0.0879732471788544,GCT
2023-06-08,-2.1049357193400473,0.9560167789240582,0.7488181801233168,1.1549953418967476,-0.010135991608005369,-0.11650117221462265,GCT
2023-06-09,-2.168905471699971,0.953384456707995,0.759728473345965,1.142715901105636,0.011109357069828093,-0.1414653056753953,GCT
2023-02-06,0.6012046372413278,-0.11533836301370685,-0.13055145362214135,-0.1831260197126502,2.0844758498685776,-0.10027892249538942,ASST
2023-02-07,0.6838051413657855,-0.22589589608836563,-0.21098213525950507,-0.22644174710329606,0.33978739837984634,-0.16647209690085926,ASST
2023-02-08,0.7888125339372568,-0.25221911824899873,-0.23310820991503603,-0.29397867145440926,0.69367082673176,-0.15666423609785485,ASST
2023-02-09,0.9601515571927313,-0.2996009181381381,-0.2942058519618668,-0.4075634987721906,1.1052448139782751,-0.1326876143211588,ASST
2023-02-10,1.0688349959933023,-0.4154230956449236,-0.3923984909657021,-0.43660437624316933,0.5067962890558684,-0.17667804494589168,ASST
2023-02-13,1.4603916125829899,-0.4233200622931135,-0.27893144145015913,-0.43212238035441364,-0.3947500624998266,-0.06904113960481476,ASST
2023-02-14,1.677267868538952,-0.3680412957557841,-0.3618496699422867,-0.4490066114421919,0.2336630915802529,-0.15464702202082817,ASST
2023-02-15,1.6990919180461215,-0.4154230956449236,-0.3836702563875834,-0.4444018211455251,-0.09415714457119041,-0.15953164744852846,ASST
2023-02-16,1.7125127347851068,-0.42595238450917683,-0.39676260825476145,-0.4658908425299702,0.5298994077447566,-0.17750597922555736,ASST
2023-02-17,1.4793140306656563,-0.4470109622376833,-0.4076729014774098,-0.45668126193663666,-0.3684912705112283,-0.18338683471259962,ASST
2023-02-21,1.3174285186849484,-0.4206877400770502,-0.40549084283288017,-0.46303587254603684,0.3744780792838158,-0.18374491083957045,ASST
2023-02-22,1.2949020517679313,-0.4470109622376833,-0.4011267255438208,-0.45668126193663666,-0.10026777387760388,-0.1837358810937599,ASST
2023-02-23,1.207825643921407,-0.4312170289413034,-0.4076729014774098,-0.4658908425299702,-0.1659776211310392,-0.18445467999733575,ASST
2023-02-24,1.2314508019089705,-0.4456948011296516,-0.4185831947000582,-0.49044972411219323,0.6658523754139829,-0.18381948408514395,ASST
2023-02-27,1.283206288276463,-0.4575402511019364,-0.2745673241610998,-0.48934457444099316,-3.176378278433575,0.3310907171082253,ASST
2023-02-28,1.3980883931219967,-0.3443503958112144,-0.3225726143407526,-0.5242181862877499,1.840420397750831,-0.06630045606603432,ASST
2023-03-01,1.2683824296153117,-0.4470109622376833,-0.3225726143407526,-0.4658908425299702,-1.0852018283176734,-0.05469474173509103,ASST
2023-03-02,1.2205051711533856,-0.410158451212797,-0.3225726143407526,-0.4106333589699685,-0.5580423522468805,-0.13215984124705826,ASST
2023-03-03,1.4129499253672846,-0.34698271802727765,-0.1349155709112007,-0.3676553162010783,-0.26528846347414736,0.20485020011828636,ASST
2023-03-06,1.6261009116121579,-0.37330594018791075,-0.36403172858681637,-0.4536114017388588,0.8708915009561965,-0.14574384833687926,ASST
2023-03-07,1.7465106278075597,-0.40489380678067033,-0.3771240804539944,-0.41668098355959093,0.10979742834750876,-0.18067775528415617,ASST
2023-03-08,1.6656146928598123,-0.4154230956449236,-0.3902164323211724,-0.4505415415410809,0.3149294526430056,-0.16189059069890344,ASST
2023-03-09,1.6918716685163873,-0.4127907734288603,-0.3923984909657021,-0.42905252015663575,-0.13760808367500896,-0.18594739039098643,ASST
2023-03-10,1.5977944202232905,-0.43648167337343,-0.4011267255438208,-0.4689607027277481,0.15696225641990197,-0.17327305234894402,ASST
2023-03-13,1.2820818903466544,-0.4206877400770502,-0.40549084283288017,-0.4934888857079933,0.41721297604957375,-0.18396178042429673,ASST
2023-03-14,0.9913097257234893,-0.46280489553406307,-0.40549084283288017,-0.472030562925526,-0.3275207736854025,-0.1817658396543298,ASST
2023-03-15,0.7366851209378342,-0.42595238450917683,-0.4098549601219395,-0.47577579236681494,0.2507717991724114,-0.18802360918632702,ASST
2023-03-16,0.4515076367564157,-0.46280489553406307,-0.434010349316883,-0.4935195843099711,0.2151934640659899,-0.18336924227679627,ASST
2023-03-17,0.25530914516981096,-0.4180554178609869,-0.4011267255438208,-0.4812401435188596,0.036338208624756355,-0.17272426176304304,ASST
2023-03-20,-0.4607801563616761,-0.46017257331799977,-0.353121435364168,-0.4689607027277481,-0.7583998444122183,-0.09539678803205066,ASST
2023-03-21,-0.7706825116394098,-0.4075261289967337,-0.36843948704876633,-0.453580703136881,-0.6050057545873545,-0.16034354614511673,ASST
2023-03-22,-0.9459080863488842,-0.40226148456460703,-0.3902164323211724,-0.447471681343303,0.5406693444839846,-0.17668785311806523,ASST
2023-03-23,-1.0063708964959586,-0.4154230956449236,-0.3923984909657021,-0.4505415415410809,0.2872988898816697,-0.18300260345983263,ASST
2023-03-24,-1.0160943254623058,-0.4417463178055567,-0.4058836133888955,-0.48431000371663746,0.034125151470815324,-0.18244166942266915,ASST
2023-03-27,-1.3642328276178373,-0.4391139955894933,-0.4185831947000582,-0.49965930470552683,0.4796519868929555,-0.17496830928224213,ASST
2023-03-28,-1.6383510962214467,-0.47333418439831626,-0.4447678984344142,-0.5088688852988605,0.3711907795326037,-0.18130859200871527,ASST
2023-03-29,-1.7204198633163184,-0.504922050991076,-0.4425858397898845,-0.5272880464855277,0.14059114428203268,-0.17810209813432754,ASST
2023-03-30,-1.7945836672520434,-0.5075543732071393,-0.4610678765090509,-0.5303579066833056,-0.010135991608005369,-0.18387615352436892,ASST
2023-03-31,-1.5723076110205727,-0.5075543732071393,-0.47747695751591407,-0.5825455300455294,0.7590921501756359,-0.18064210335673167,ASST
2023-04-03,-1.2124977790157485,-0.5523038508802154,-0.5145937750593638,-0.6270585029133086,0.9050482591294563,-0.16450890561342338,ASST
2023-04-04,-1.0571305105686117,-0.591788684121165,-0.5418695081159847,-0.640872873803309,0.3812256945626183,-0.18306752421850517,ASST
2023-04-05,-1.068485597545474,-0.5996856507693549,-0.5538708306608979,-0.7079186205227779,1.2291760145989732,-0.16495214158450425,ASST
2023-04-06,-1.0237864275118762,-0.6523320950906211,-0.5647811238835463,-0.7022700777588665,-0.34970748130871765,-0.16625429320449742,ASST
2023-04-10,-0.6279006562959698,-0.6315367495837209,-0.569167061759051,-0.7007044490579999,0.23559307050890277,-0.1846211075537409,ASST
2023-04-11,-0.6376440409913396,-0.6312735173621146,-0.580055534395254,-0.6869207767699772,-0.010135991608005369,-0.18614261972282184,ASST
2023-04-12,-0.5881491212455049,-0.6391704840103044,-0.586601710328843,-0.7021165847489778,0.3845372165225247,-0.18505905022555352,ASST
2023-04-13,-0.5127820145659969,-0.6576230627449082,-0.5647811238835463,-0.6992309161630664,-0.9282940335745069,-0.17759752216584382,ASST
2023-04-14,-0.45254412211478345,-0.6286411951460512,-0.5405602729292669,-0.66850161558331,-1.0232457134468689,-0.15013479576517755,ASST
2023-04-17,-0.2556843198413961,-0.5759947508247852,-0.522994700840803,-0.6255235728144197,-0.14533366501240308,-0.17641773917011114,ASST
2023-04-18,-0.1481819761069976,-0.591788684121165,-0.5385964201491902,-0.6531523145944205,0.056255723010225654,-0.18002636810361441,ASST
2023-04-19,-0.15115842852332512,-0.593868218671855,-0.5416076610786411,-0.6377723150035535,0.05685384656534486,-0.18733330068763626,ASST
2023-04-20,-0.0854446285956815,-0.5906304623460971,-0.5418040463566488,-0.6531523145944205,0.46305586530738674,-0.1780052618947728,ASST
2023-04-21,-0.22286449041586315,-0.6023179729854182,-0.333482907563401,-0.6416096402507757,-0.9125476466130866,1.7325419847243948,ASST
2023-04-24,-0.19126071322765553,-0.6075826174175447,-0.5407784787937199,-0.693060497165533,1.5748957794473608,-0.08980535146676442,ASST
2023-04-25,-0.3031294813373985,-0.6486468439881323,-0.5604170065944869,-0.6887626928886439,-0.7563414601340376,-0.1149603550717398,ASST
2023-04-26,-0.4476929398219274,-0.6286411951460512,-0.5756914171061946,-0.693060497165533,0.882168652861019,-0.1731411869230552,ASST
2023-04-27,-0.5282039128199588,-0.6457512895504628,-0.5844414722707586,-0.7142118339282224,0.012678615778987032,-0.15769938747534584,ASST
2023-04-28,-0.6461255029889221,-0.6470674506584945,-0.586601710328843,-0.7110191793225336,-0.1177794144656049,-0.1775550200864251,ASST
2023-05-01,-0.879777156252084,-0.6567280731914467,-0.5867108132610694,-0.6982792595017553,-0.010135991608005369,-0.1803838214894949,ASST
2023-05-02,-1.0012067972855094,-0.6494365406529514,-0.5909658276179023,-0.7022393791568888,-0.17639874839577324,-0.1812045942466211,ASST
2023-05-03,-1.087463773009036,-0.6444351284424311,-0.5604606477673776,-0.693060497165533,-0.33784065002475255,-0.16308064892262744,ASST
2023-05-04,-1.093130922888601,-0.6233765507139247,-0.5713491204035807,-0.6776191003707103,-0.05005488359740905,-0.17555150631338684,ASST
2023-05-05,-1.2798899389030787,-0.6417238365598859,-0.5713491204035807,-0.680688960568488,0.03346246238482681,-0.18622980347547563,ASST
2023-05-08,-1.3679978084934676,-0.626008872929988,-0.5756914171061946,-0.6807503577724436,-0.084533868757871,-0.18274712392750253,ASST
2023-05-09,-1.5162162141810984,-0.6339058395781779,-0.5713491204035807,-0.6903590201914883,0.21472353819388576,-0.17874461125433133,ASST
2023-05-10,-1.7244193240079664,-0.6049502952014815,-0.5429605374382496,-0.6709575037415323,-0.48986967143006094,-0.11715209233934663,ASST
2023-05-11,-1.804720623269807,-0.6154795840657348,-0.5604388271809322,-0.6681332323595766,-0.1656133160230622,-0.16632310609498485,ASST
2023-05-12,-1.9878399360408527,-0.6128472618496715,-0.560569750699604,-0.665431755385532,0.20101422850562012,-0.17904882027698396,ASST
2023-05-15,-1.9437372205747137,-0.6102149396336082,-0.5604170065944869,-0.6562221747921985,-0.4038888897104265,-0.18443646482044201,ASST
2023-05-16,-1.8248371067763767,-0.6154795840657348,-0.566963182528076,-0.6831755473286882,0.5220250632816453,-0.18078377695479406,ASST
2023-05-17,-1.8157109638661972,-0.6207442284978614,-0.5713272998171353,-0.6715714757810879,-0.24173242276793472,-0.18614822439263531,ASST
2023-05-18,-1.778149847238885,-0.6258772568191847,-0.5755823141739681,-0.6743343499590879,0.354183428339697,-0.18689878309182076,ASST
2023-05-19,-1.7017316002493927,-0.6154795840657348,-0.566963182528076,-0.6948103174782664,0.391119903327078,-0.18274743529804774,ASST
2023-05-22,-1.9153241427269254,-0.6470674506584945,-0.5909658276179023,-0.7092079618058446,0.2453520887194154,-0.1848046604901316,ASST
2023-05-23,-1.894604829906126,-0.6542536903083472,-0.5800773549816993,-0.7114796583522003,-0.7874440103848007,-0.16045517248556806,ASST
2023-05-24,-2.014297352444409,-0.6396969484535172,-0.5342323028601309,-0.6982792595017553,-1.4982497659839178,-0.008319679790004822,ASST
2023-05-25,-2.098758589718789,-0.6049502952014815,-0.5385964201491902,-0.6577571048910874,0.25077179917240994,-0.14701704249616956,ASST
2023-05-26,-2.2109167158993626,-0.591788684121165,-0.547324654727309,-0.6812722340060658,0.9031242922387013,-0.1639204152830104,ASST
2023-05-30,-2.4280109344945857,-0.6375910906806666,-0.5495067133718385,-0.6869207767699772,-0.4347567287331244,-0.15684420827297588,ASST
2023-05-31,-2.57202394745357,-0.6102149396336082,-0.5625990652390166,-0.6562221747921985,-0.08303669785547474,-0.17829670472507256,ASST
2023-06-01,-2.357108783602472,-0.6128472618496715,-0.5647811238835463,-0.66850161558331,0.2786357379936209,-0.18050868107811688,ASST
2023-06-02,-2.396008597051729,-0.6202177640546487,-0.5647811238835463,-0.6571431328515318,-0.08599690835158402,-0.18338356532187508,ASST
2023-06-05,-2.080640173580625,-0.6049502952014815,-0.5058655404812451,-0.6500824543966427,-0.901607901682299,-0.036830635131060115,ASST
2023-06-06,-2.1198958641974546,-0.5786270730408486,-0.5167758337038935,-0.6224537126166418,-0.27570285008092804,-0.15077808731154432,ASST
2023-06-07,-2.133126512539554,-0.5852078785810066,-0.5167758337038935,-0.6316632932099754,-0.5229547527971004,-0.04713964682655111,ASST
2023-06-08,-2.1049357193400473,-0.5338775953677722,-0.4840449540359484,-0.6101742718255304,-0.7897032213188472,0.061444136342454846,ASST
2023-06-09,-2.168905471699971,-0.523348306503519,-0.49059112996953735,-0.6439427340010869,1.1839456494089382,-0.08525031176114992,ASST
2023-06-12,-1.473917829214102,-0.09164746306913715,-0.027994697329246695,-0.37069447779687836,-5.635534837173595,13.862025164557046,ASST
2023-06-13,-1.4199683472897389,-0.43648167337343,-0.2658390895829811,-0.4689607027277481,0.7997114579925942,1.1940253813325628,ASST
2023-06-14,-1.190089712626397,-0.3627766513236575,-0.27893144145015913,-0.38607447738774553,-0.7330679952287428,0.9283221528363771,ASST
2023-06-15,-1.1079710562089684,-0.3575120068915309,-0.3029559071264308,-0.37072517639885616,-0.5184107890903602,0.005236303950748883,ASST
2023-06-16,-1.066365301336804,-0.3074978847863281,-0.3094802624735745,-0.3645854560033004,-0.11585929071571056,-0.08766172094838975,ASST
2023-06-20,-0.6915669152770058,-0.3377695902710561,-0.28765967602827786,-0.3645854560033004,0.47632292671622944,0.03769559349011197,ASST
2023-06-21,-0.9258104499197249,-0.3627766513236575,-0.18292086109085356,-0.40449363857441273,-1.4229516786839602,0.498814042037193,ASST
2023-06-22,-0.8783374335519617,-0.35224736245940425,-0.22656203398144695,-0.3461662948166332,-0.16635179070972614,-0.0519579503281255,ASST
2023-06-23,-0.8648437576148255,-0.2706453737614418,-0.23310820991503603,-0.2663499296744084,-0.16313747385577992,-0.13621559828345733,ASST
2023-06-26,-0.49967692101899874,-0.2759100181935684,-0.2527467377158031,-0.40142377837663484,1.7588819527358268,-0.07440979054501609,ASST
2023-06-27,-0.3139396660467776,-0.40226148456460703,-0.35530349400869765,-0.40142377837663484,0.06855048497656388,-0.1620799039903802,ASST
2023-06-28,-0.2704077675795608,-0.38646755126822724,-0.3596894318842023,-0.42291279976108,0.42726824587681084,-0.11470970178286019,ASST
2023-06-29,-0.1324996833055789,-0.39699684013248043,-0.3793061390985241,-0.42291279976108,-0.22138235630237685,-0.15473467282929973,ASST
2023-06-30,0.09889198364575362,-0.40226148456460703,-0.3902164323211724,-0.4382621007499694,0.27743917005328267,-0.15483088632776407,ASST
2023-07-03,0.6768921442368125,-0.4154230956449236,-0.38803437367664273,-0.42905252015663575,-0.010135991608005369,-0.17451075026608243,ASST
2023-07-05,0.815780345826861,-0.39436451791641713,-0.35966761129775704,-0.42598265995885787,-0.6938943398601309,-0.1526438196183351,ASST
2023-07-06,0.7177726330823054,-0.39699684013248043,-0.3705779045204054,-0.4198429395633021,0.26381718871143134,-0.16319507759798552,ASST
2023-07-07,0.8603844489846972,-0.4154230956449236,-0.3836702563875834,-0.44133196094774724,0.35556263317438197,-0.16738067615172966,ASST
2023-07-10,0.9114169645808093,-0.4180554178609869,-0.39754814936679217,-0.4812401435188596,0.3744780792838158,-0.1546736442024421,ASST
2023-07-11,0.8895984929770647,-0.4496432844537466,-0.4185831947000582,-0.5733359494521958,1.4319725247055686,-0.01639071569192796,ASST
2023-07-12,1.028292091563778,-0.5338775953677722,-0.48840907132500777,-0.5610565086610844,-0.010135991608005369,-0.14938672803035366,ASST
2023-07-13,0.998937525979542,-0.5312452731517089,-0.4556781916570627,-0.5549167882655286,-0.5692241147088971,-0.1403765985641313,ASST
2023-07-14,0.950118849071894,-0.5101866954232026,-0.46877054352424063,-0.5334277668810835,-0.08813464934131235,-0.17332956610289638,ASST
2023-07-17,1.2498084789232309,-0.49702508434288606,-0.46877054352424063,-0.5487770678699728,0.4015385848482923,-0.17966159750992192,ASST
2023-07-18,1.3033713185977776,-0.5338775953677722,-0.48899822715903074,-0.5875187035659296,0.45290365906273355,-0.17574346625449774,ASST
2023-07-19,1.2851913463111044,-0.5470392064480889,-0.5036834818367154,-0.5856153902433073,0.16414225926485113,-0.18152079103526364,ASST
2023-07-20,1.263106651077597,-0.5575684953123421,-0.5102296577703045,-0.5886852504410852,-0.12910994420387537,-0.184742853436911,ASST
2023-07-21,1.337665602699727,-0.5417745620159622,-0.5058655404812451,-0.594824970836641,0.3997152230431217,-0.1856042600501848,ASST
2023-07-24,1.352720065226923,-0.5680977841765953,-0.5255040682820121,-0.6040345514299746,0.051829608702343606,-0.1832191616740137,ASST
2023-07-25,1.2343893349756185,-0.5733624286087219,-0.5255040682820121,-0.6009646912321968,0.05235032803268267,-0.18478644531323787,ASST
2023-07-26,1.01201573472494,-0.5733624286087219,-0.5298681855710715,-0.6347331534077534,0.11715605513121985,-0.17540998840059707,ASST
2023-07-27,1.005581536511062,-0.5865240396890384,-0.5298681855710715,-0.6316632932099754,0.4373755346891851,-0.18543440741778253,ASST
2023-07-28,1.0509830026957374,-0.57536299349293,-0.5337086087854437,-0.6285934330121975,-0.4194500487038869,-0.1851608683938313,ASST
2023-07-31,1.0745560540575192,-0.5838917174729751,-0.5145937750593638,-0.619383852418864,-0.3980945326814946,-0.17719959060908838,ASST
