date,1. open,2. high,3. low,4. close,5. volume,TickerName
2023-10-20,8.5200,8.8200,7.7100,8.5500,644715,GCT
2023-10-19,8.5000,8.8500,8.4400,8.6600,388651,GCT
2023-10-18,9.2000,9.2000,8.4200,8.6000,613210,GCT
2023-10-17,8.8600,9.7600,8.8600,9.2100,533771,GCT
2023-10-16,8.8000,9.3297,8.7400,9.0300,518090,GCT
2023-10-13,9.2800,9.3400,8.5900,8.6900,476329,GCT
2023-10-12,9.1100,9.3000,8.5800,9.1900,329084,GCT
2023-10-11,9.0900,9.6400,8.5515,8.7700,427515,GCT
2023-10-10,10.0200,11.2000,8.7694,9.0700,1266355,GCT
2023-10-09,8.5500,10.0500,8.4900,9.9600,514556,GCT
2023-10-06,8.2900,8.7600,8.1400,8.6700,453030,GCT
2023-10-05,8.7900,8.9900,8.2400,8.5000,568259,GCT
2023-10-04,8.9200,9.2300,8.7900,8.9400,262647,GCT
2023-10-03,9.0300,9.2900,8.2800,8.9600,713480,GCT
2023-10-02,8.9000,9.2757,8.3500,9.0400,803486,GCT
2023-09-29,7.3500,9.0495,7.3500,8.8100,2503003,GCT
2023-09-28,9.4700,9.4900,6.7100,7.6900,4802588,GCT
2023-09-27,9.6000,9.9600,9.4000,9.4700,650876,GCT
2023-09-26,9.7200,10.0400,9.3100,9.4900,531015,GCT
2023-09-25,9.1700,10.4500,9.1200,9.8900,682249,GCT
2023-09-22,10.0300,10.0600,9.1100,9.2500,725289,GCT
2023-09-21,10.5200,11.2900,9.7100,9.8100,829953,GCT
2023-09-20,10.3300,11.5500,9.8001,10.6200,1249754,GCT
2023-09-19,10.0200,10.6500,9.1900,10.5200,1296685,GCT
2023-09-18,11.3800,11.6000,9.7000,10.0000,1968144,GCT
2023-09-15,11.9300,12.4300,11.4000,11.4500,690673,GCT
2023-09-14,12.3300,13.3800,11.5000,11.9300,2000091,GCT
2023-09-13,13.1100,13.2300,10.7800,12.2100,3563149,GCT
2023-09-12,18.0000,18.6000,12.7613,13.2500,3370977,GCT
2023-09-11,17.0000,18.6000,16.5000,17.7300,2921524,GCT
2023-09-08,15.0000,16.9300,14.5500,16.4000,1722353,GCT
2023-09-07,14.4600,15.0000,13.3300,14.7700,861157,GCT
2023-09-06,14.8200,15.1000,14.0200,14.1500,1451029,GCT
2023-09-05,13.5000,15.0000,12.6000,14.4900,878194,GCT
2023-09-01,12.7500,13.8000,12.3800,13.5800,581644,GCT
2023-08-31,12.6500,12.9500,12.3534,12.5100,347645,GCT
2023-08-30,12.7800,12.9600,12.0450,12.6600,476078,GCT
2023-08-29,11.6600,12.4700,11.4500,12.2500,338892,GCT
2023-08-28,12.0500,12.0500,10.1500,11.6000,655305,GCT
2023-08-25,12.5000,12.5500,11.5100,12.0900,455026,GCT
2023-08-24,12.8200,12.9900,12.2100,12.3000,404367,GCT
2023-08-23,12.8800,13.2400,12.3600,12.6600,721573,GCT
2023-08-22,12.8300,13.5000,12.5100,12.9600,892223,GCT
2023-08-21,11.6400,12.9390,11.2500,12.5900,936378,GCT
2023-08-18,11.7900,12.0000,11.1800,11.5400,708388,GCT
2023-08-17,11.3900,12.0000,11.0600,11.8900,856351,GCT
2023-08-16,10.2500,12.4300,10.0000,11.5900,2483640,GCT
2023-08-15,10.7000,10.8599,9.3100,10.1400,782106,GCT
2023-08-14,10.7500,10.7583,9.7000,10.3200,424513,GCT
2023-08-11,10.8200,10.9900,10.1500,10.7200,280468,GCT
2023-08-10,10.7500,11.0900,10.4000,10.6300,320560,GCT
2023-08-09,9.9000,10.6000,9.7000,10.3900,819948,GCT
2023-08-08,9.0700,9.8500,9.0400,9.7300,368574,GCT
2023-08-07,8.9800,9.3500,8.8500,9.2400,294878,GCT
2023-08-04,9.4100,9.4700,8.9200,9.0800,272931,GCT
2023-08-03,8.9900,9.4000,8.9575,9.4000,357986,GCT
2023-08-02,8.6900,9.2000,8.6000,8.8400,219914,GCT
2023-08-01,8.7000,9.2000,8.4090,9.0000,430680,GCT
2023-07-31,8.5000,8.9400,8.5000,8.7400,276889,GCT
2023-07-28,8.3100,8.5000,8.1300,8.4700,157109,GCT
2023-07-27,8.6000,8.7500,8.1500,8.2900,244632,GCT
2023-07-26,8.1700,8.5500,8.1000,8.5400,235145,GCT
2023-07-25,8.5000,8.7000,8.1300,8.1800,302605,GCT
2023-07-24,8.6500,8.6500,7.9899,8.5100,569954,GCT
2023-07-21,8.4400,9.0900,8.1000,8.7000,276897,GCT
2023-07-20,8.8000,8.9161,8.2600,8.3200,165178,GCT
2023-07-19,8.2700,8.8500,8.1400,8.8500,355617,GCT
2023-07-18,8.3000,8.5000,8.1281,8.2500,213704,GCT
2023-07-17,7.8000,8.2500,7.5000,8.2000,496828,GCT
2023-07-14,8.1300,8.5500,7.6900,7.7500,666826,GCT
2023-07-13,7.6800,8.2500,7.4600,8.0600,775764,GCT
2023-07-12,7.0800,7.6500,7.0800,7.5700,289721,GCT
2023-07-11,7.3400,7.3700,7.0101,7.0800,252252,GCT
2023-07-10,7.2000,7.4700,7.0300,7.3600,248562,GCT
2023-07-07,7.2100,7.8499,7.0200,7.1300,313454,GCT
2023-07-06,7.4000,7.4000,7.0100,7.3900,298419,GCT
2023-07-05,7.2700,7.5500,7.1746,7.4000,284705,GCT
2023-07-03,6.9400,7.3500,6.7000,7.1500,205364,GCT
2023-06-30,7.6300,7.6300,6.7500,6.7600,437766,GCT
2023-06-29,7.7100,7.8049,7.4600,7.5000,176420,GCT
2023-06-28,7.8000,7.9298,7.6300,7.6600,180887,GCT
2023-06-27,7.7000,8.0400,7.7000,7.8400,263927,GCT
2023-06-26,7.6300,7.8500,7.5395,7.7800,134588,GCT
2023-06-23,7.5600,7.8800,7.5500,7.7900,143746,GCT
2023-06-22,7.4100,7.8900,7.4100,7.8000,121051,GCT
2023-06-21,7.5600,7.6800,7.3700,7.5600,210097,GCT
2023-06-20,8.0800,8.0800,7.5200,7.6500,486746,GCT
2023-06-16,8.0600,8.2300,7.7300,8.0800,662065,GCT
2023-06-15,7.7300,7.9185,7.5800,7.8400,304851,GCT
2023-06-14,8.0100,9.1400,7.7100,7.8000,2701424,GCT
2023-06-13,7.5000,7.5500,7.3011,7.5000,404664,GCT
2023-06-12,7.0900,7.7200,7.0203,7.5000,846057,GCT
2023-06-09,6.9800,7.1000,6.8600,6.9800,310576,GCT
2023-06-08,6.9900,7.0500,6.9000,7.0000,470926,GCT
2023-06-07,6.8700,7.4899,6.7500,7.0000,654167,GCT
2023-06-06,6.7000,6.8600,6.7000,6.8000,325018,GCT
2023-06-05,6.8000,6.9000,6.6001,6.7800,420370,GCT
2023-06-02,6.8000,7.0599,6.6504,6.7800,772701,GCT
2023-06-01,6.6600,6.8900,6.4100,6.6800,459323,GCT
2023-05-31,6.8000,6.9000,6.3100,6.7500,528135,GCT
2023-05-30,6.5600,7.3000,6.5300,6.7600,1507811,GCT
2023-05-26,5.9200,7.5000,5.9000,6.4500,5395814,GCT
2023-05-25,7.1000,7.3500,5.7900,5.7900,2318215,GCT
2023-05-24,11.0100,11.7800,7.0300,7.1600,31940023,GCT
2023-05-23,5.4000,5.8500,5.4000,5.6600,138300,GCT
2023-05-22,5.3400,5.5000,5.3000,5.4650,49459,GCT
2023-05-19,5.2600,5.3500,5.2600,5.2700,19110,GCT
2023-05-18,5.2500,5.3900,5.2500,5.2900,73882,GCT
2023-05-17,5.3700,5.4800,5.3100,5.3200,29285,GCT
2023-05-16,5.5000,5.5000,5.2500,5.2700,55477,GCT
2023-05-15,5.2800,5.5000,5.1900,5.5000,74199,GCT
2023-05-12,5.2000,5.2650,5.1100,5.2400,42792,GCT
2023-05-11,5.4900,5.4900,5.1801,5.2400,110254,GCT
2023-05-10,5.3400,5.4500,5.2640,5.4200,68042,GCT
2023-05-09,5.2000,5.4000,5.1900,5.2950,90546,GCT
2023-05-08,5.0000,5.3389,5.0000,5.2600,61805,GCT
2023-05-05,5.2400,5.2550,4.9700,5.0500,145870,GCT
2023-05-04,5.1100,5.7500,5.0100,5.2600,94155,GCT
2023-05-03,5.2400,5.2800,5.1100,5.1800,22169,GCT
2023-05-02,5.4500,5.6300,5.1000,5.1800,164972,GCT
2023-05-01,5.3800,5.6000,5.2900,5.5800,122328,GCT
2023-04-28,5.2600,5.9100,5.1186,5.5300,547077,GCT
2023-04-27,5.1000,5.1016,4.9304,5.0100,75253,GCT
2023-04-26,5.2701,5.3600,5.1000,5.1500,67185,GCT
2023-04-25,5.2201,5.3800,5.2201,5.3000,36045,GCT
2023-04-24,5.2000,5.3400,5.2000,5.3000,54624,GCT
2023-04-21,5.3100,5.4700,5.2439,5.2600,50244,GCT
2023-04-20,5.3799,5.3799,5.2101,5.3000,51735,GCT
2023-04-19,5.5200,5.6100,5.2500,5.3000,97049,GCT
2023-04-18,5.6000,5.6308,5.3911,5.5800,85825,GCT
2023-04-17,5.6600,5.7000,5.5700,5.6000,57512,GCT
2023-04-14,5.8500,5.8800,5.5100,5.5600,99967,GCT
2023-04-13,5.8500,6.0500,5.8500,5.9000,39809,GCT
2023-04-12,6.2500,6.2500,5.9000,5.9400,70208,GCT
2023-04-11,5.7400,6.2200,5.7150,6.2200,111182,GCT
2023-04-10,5.7100,5.8800,5.6200,5.7200,49006,GCT
2023-04-06,5.7250,5.7250,5.4550,5.6300,56112,GCT
2023-04-05,6.0400,6.0600,5.6600,5.7200,87586,GCT
2023-04-04,6.4200,6.4400,5.9500,6.0000,89657,GCT
2023-04-03,6.2200,6.4400,6.2200,6.4200,73913,GCT
2023-03-31,6.0900,6.3400,5.9800,6.3000,136823,GCT
2023-03-30,5.5700,6.1400,5.5700,6.0300,226917,GCT
2023-03-29,5.3800,5.6400,5.3793,5.5700,94325,GCT
2023-03-28,5.4800,5.5550,5.3500,5.3500,82630,GCT
2023-03-27,5.1700,5.4800,5.1600,5.4400,150344,GCT
2023-03-24,5.1600,5.2800,5.1101,5.2100,180176,GCT
2023-03-23,5.1300,5.2400,5.0501,5.1400,162230,GCT
2023-03-22,5.1100,5.2900,5.0600,5.0900,117764,GCT
2023-03-21,5.0500,5.2000,5.0000,5.1500,121181,GCT
2023-03-20,5.1000,5.2300,5.0000,5.0400,99641,GCT
2023-03-17,6.1100,6.1500,5.1090,5.2700,1580200,GCT
2023-03-16,5.8100,6.0800,5.6000,5.8900,221218,GCT
2023-03-15,5.0000,5.8200,5.0000,5.8000,335468,GCT
2023-03-14,5.1900,5.2700,5.0750,5.1000,112803,GCT
2023-03-13,4.9000,5.2200,4.8800,5.2200,159016,GCT
2023-03-10,4.9600,4.9900,4.8550,4.9000,265305,GCT
2023-03-09,4.9400,5.0550,4.8800,4.8800,144359,GCT
2023-03-08,5.0000,5.0600,4.8900,4.9500,141456,GCT
2023-03-07,4.9500,5.0800,4.9500,4.9600,123099,GCT
2023-03-06,4.9800,5.1300,4.9500,4.9500,133463,GCT
2023-03-03,4.9500,5.0200,4.9300,4.9700,159906,GCT
2023-03-02,5.0600,5.0600,4.9000,4.9300,112585,GCT
2023-03-01,5.0600,5.0900,4.9700,5.0000,210499,GCT
2023-02-28,5.1500,5.1500,5.0100,5.0600,217748,GCT
2023-02-27,5.0100,5.2400,5.0100,5.1200,238211,GCT
2023-02-24,5.0500,5.1000,4.9900,5.0100,99567,GCT
2023-02-23,5.0900,5.1550,5.0200,5.0500,82838,GCT
2023-02-22,5.0500,5.1900,5.0500,5.1600,56167,GCT
2023-02-21,5.2800,5.2900,5.0500,5.1200,100831,GCT
2023-02-17,5.2700,5.4100,5.2700,5.3400,53448,GCT
2023-02-16,5.4000,5.4400,5.2586,5.2900,81316,GCT
2023-02-15,5.0600,5.4500,5.0500,5.4200,183494,GCT
2023-02-14,5.0000,5.2050,4.7900,5.1000,131039,GCT
2023-02-13,5.0000,5.1250,4.9000,5.0100,90075,GCT
2023-02-10,5.2900,5.3800,4.8600,4.9400,255047,GCT
2023-02-09,5.4000,5.4100,5.2600,5.2600,67548,GCT
2023-02-08,5.4500,5.4500,5.2800,5.3500,89568,GCT
2023-02-07,5.5700,5.5700,5.3100,5.4300,127492,GCT
2023-02-06,5.8400,5.8800,5.5000,5.5200,232500,GCT
2023-02-03,5.8800,6.0000,5.8200,5.8400,147164,GCT
2023-02-02,5.7700,6.1099,5.7700,5.9100,178729,GCT
2023-02-01,5.8600,5.9100,5.6200,5.8400,225794,GCT
2023-01-31,5.5600,5.8700,5.5600,5.8500,163702,GCT
2023-01-30,5.8100,5.9300,5.5800,5.5900,151430,GCT
2023-01-27,5.7400,6.0000,5.7400,5.9400,170185,GCT
2023-01-26,5.8200,5.9200,5.7400,5.7900,138791,GCT
2023-01-25,5.8400,5.9790,5.7000,5.7800,131523,GCT
2023-01-24,6.0100,6.1440,5.8500,5.8600,157681,GCT
2023-01-23,6.0600,6.2664,5.9801,6.0800,134069,GCT
2023-01-20,6.1600,6.2162,6.0000,6.1200,78905,GCT
2023-01-19,5.9600,6.2000,5.8500,6.1700,102347,GCT
2023-01-18,6.0200,6.1500,5.7100,5.9500,226272,GCT
2023-01-17,6.3500,6.3500,5.9000,6.0400,188172,GCT
2023-01-13,6.0400,6.5499,5.9600,6.3000,206364,GCT
2023-01-12,6.0300,6.1100,5.9200,6.0400,83852,GCT
2023-01-11,5.9700,6.1700,5.9400,6.1100,78213,GCT
2023-01-10,6.0800,6.3100,5.7800,6.0300,133746,GCT
2023-01-09,6.4000,6.4700,6.0900,6.1000,127727,GCT
2023-01-06,6.5000,6.7000,6.0000,6.3500,261477,GCT
2023-01-05,5.8100,6.7300,5.7100,6.3600,555348,GCT
2023-01-04,5.4700,5.7515,5.4600,5.6700,69482,GCT
2023-01-03,5.6000,5.7000,5.3600,5.4700,54489,GCT
2022-12-30,5.6000,5.6900,5.4300,5.6900,50020,GCT
2022-12-29,5.4900,5.6300,5.4100,5.6000,50453,GCT
2022-12-28,5.5100,5.7038,5.2700,5.3600,79319,GCT
2022-12-27,5.5400,5.9382,5.4530,5.6300,136312,GCT
2022-12-23,5.5900,5.5930,5.3800,5.5300,51642,GCT
2022-12-22,5.5900,5.6500,5.4100,5.4100,82961,GCT
2022-12-21,5.5400,5.9000,5.4001,5.7800,92240,GCT
2022-12-20,5.6000,5.6000,5.3700,5.3700,77017,GCT
2022-12-19,5.7900,5.7900,5.3700,5.6500,96397,GCT
2022-12-16,5.6100,5.8900,5.6100,5.7300,99725,GCT
2022-12-15,6.2000,6.3000,5.7000,5.7000,139158,GCT
2022-12-14,6.3600,6.5700,6.1600,6.2500,85957,GCT
2022-12-13,6.7200,6.7500,6.3132,6.4800,98140,GCT
2022-12-12,6.6300,6.7000,6.2500,6.3600,87564,GCT
2022-12-09,6.9200,7.0800,6.4500,6.6400,150724,GCT
2022-12-08,6.8100,6.9800,6.6800,6.8800,129587,GCT
2022-12-07,7.1300,7.2300,6.5500,6.5600,163063,GCT
2022-12-06,7.7500,7.9299,7.1800,7.3400,181445,GCT
2022-12-05,7.9800,8.4800,7.6000,7.8000,456034,GCT
2022-12-02,7.4000,7.7485,7.0300,7.7300,230615,GCT
2022-12-01,7.4200,7.4299,7.0300,7.3000,166881,GCT
2022-11-30,7.6100,8.2000,7.0000,7.3700,639159,GCT
2022-11-29,7.9000,8.6300,7.4500,7.9200,1796949,GCT
2022-11-28,6.0900,8.2000,6.0600,7.9300,2065095,GCT
2022-11-25,5.9700,6.2533,5.8800,6.1600,85454,GCT
2022-11-23,5.9100,5.9250,5.5800,5.8200,83722,GCT
2022-11-22,5.6500,6.0900,5.5800,5.7500,86680,GCT
2022-11-21,5.8700,5.8900,5.5600,5.7000,84483,GCT
2022-11-18,6.4300,6.4300,5.9300,5.9600,101339,GCT
2022-11-17,6.0900,6.3500,5.9300,6.2000,78356,GCT
2022-11-16,6.3800,6.4600,5.8900,6.0900,227513,GCT
2022-11-15,6.6200,6.8800,6.3100,6.6100,369072,GCT
2022-11-14,6.4100,6.5500,6.0500,6.4400,180135,GCT
2022-11-11,6.1200,6.5000,5.5500,6.4300,377759,GCT
2022-11-10,6.0500,6.5999,5.7312,5.9200,494561,GCT
2022-11-09,5.3900,5.8400,4.7000,5.6600,522131,GCT
2022-11-08,5.7200,6.1800,5.4300,5.4300,1264462,GCT
2022-11-07,6.3600,7.4800,5.8200,5.9000,33039898,GCT
2022-11-04,4.5400,4.7800,4.4300,4.6600,167665,GCT
2022-11-03,4.1400,4.4500,4.1400,4.4200,72375,GCT
2022-11-02,4.5000,4.5200,4.2000,4.2700,114406,GCT
2022-11-01,4.7000,4.8400,4.4500,4.4900,117742,GCT
2022-10-31,5.0600,5.0600,4.4512,4.6800,147331,GCT
2022-10-28,5.0400,5.0400,4.6800,4.8600,73360,GCT
2022-10-27,4.9500,5.1031,4.7100,4.7500,65895,GCT
2022-10-26,5.2200,5.3400,4.8100,5.0500,166118,GCT
2022-10-25,4.6000,5.5500,4.5100,5.2200,461441,GCT
2022-10-24,4.8100,4.9300,4.3000,4.6000,222752,GCT
2022-10-21,5.1800,5.1883,4.9000,5.0300,187836,GCT
2022-10-20,5.1800,5.2900,5.0100,5.1300,143946,GCT
2022-10-19,5.3100,5.4700,5.0400,5.1100,211062,GCT
2022-10-18,5.6600,5.7490,5.2920,5.3200,297881,GCT
2022-10-17,6.0700,6.4000,5.6000,5.6200,394065,GCT
2022-10-14,5.9700,6.4700,5.7600,6.1900,495076,GCT
2022-10-13,5.5000,6.2600,5.4600,6.1000,451934,GCT
2022-10-12,6.6000,6.7236,5.6000,5.7000,529345,GCT
2022-10-11,5.8600,7.8400,5.7200,6.3200,1117636,GCT
2022-10-10,6.4200,6.4200,5.8200,6.1900,378938,GCT
2022-10-07,7.4200,7.4500,6.3800,6.3800,489959,GCT
2022-10-06,7.6900,7.9600,7.2600,7.3200,446863,GCT
2022-10-05,7.4800,7.7100,7.0115,7.6700,390902,GCT
2022-10-04,8.4400,8.7200,7.4900,7.6600,697506,GCT
2022-10-03,9.8600,10.3420,8.0500,8.2400,979068,GCT
2022-09-30,11.5000,11.7400,10.1000,10.1100,426128,GCT
2022-09-29,12.3000,12.3700,11.1000,11.4600,333201,GCT
2022-09-28,12.0300,12.9525,12.0000,12.1500,278214,GCT
2022-09-27,12.4600,13.1500,12.0800,12.1000,184739,GCT
2022-09-26,12.7600,13.5900,12.2700,12.4900,177125,GCT
2022-09-23,13.1500,13.2900,11.9300,12.8200,365139,GCT
2022-09-22,12.8000,13.7500,12.8000,13.3200,590419,GCT
2022-09-21,13.7500,14.4200,13.0000,13.0000,434148,GCT
2022-09-20,13.4700,16.5000,13.3000,13.7400,2809460,GCT
2022-09-19,14.5300,15.2819,13.2700,13.2700,471646,GCT
2022-09-16,15.7100,16.3000,14.8500,14.9900,540011,GCT
2022-09-15,16.7800,19.4999,15.9900,16.1100,1384926,GCT
2022-09-14,16.4300,17.6499,15.8100,17.0700,1047318,GCT
2022-09-13,17.1700,17.8000,16.6500,16.8500,458312,GCT
2022-09-12,18.0000,18.9999,17.5000,17.7500,455357,GCT
2022-09-09,20.1800,20.6900,18.0200,18.1000,756759,GCT
2022-09-08,19.6300,22.6500,19.5800,20.1000,1516132,GCT
2022-09-07,19.6100,21.4400,19.5000,20.2200,1004225,GCT
2022-09-06,18.6400,23.4800,17.6000,20.2900,2930469,GCT
2022-09-02,19.9800,21.9600,18.7100,20.0400,3242702,GCT
2022-09-01,14.8100,26.5554,14.6000,23.6500,18817382,GCT
2022-08-31,15.8600,16.2300,14.0405,14.6500,1527873,GCT
2022-08-30,18.9300,19.8000,16.0300,16.5700,957844,GCT
2022-08-29,18.2000,22.2800,17.8395,19.3900,1797120,GCT
2022-08-26,25.3300,25.7489,19.1000,19.3000,2446560,GCT
2022-08-25,30.0000,31.7276,25.2000,25.2000,2395595,GCT
2022-08-24,26.4400,35.7000,25.6001,29.8200,11624815,GCT
2022-08-23,32.6100,34.9000,25.5700,26.6400,7793874,GCT
2022-08-22,54.0100,62.0000,31.2000,41.4100,18397482,GCT
2022-08-19,26.6400,60.0000,24.8100,48.0100,35106208,GCT
2022-08-18,19.2000,21.2200,12.5100,15.6900,11535880,GCT
2023-10-20,0.3300,0.3536,0.3300,0.3433,34038,MGAM
2023-10-19,0.3500,0.3775,0.3400,0.3690,64087,MGAM
2023-10-18,0.3650,0.3950,0.3551,0.3552,30250,MGAM
2023-10-17,0.3800,0.4050,0.3700,0.3700,61284,MGAM
2023-10-16,0.4000,0.4125,0.3800,0.3801,18502,MGAM
2023-10-13,0.4180,0.5162,0.3936,0.4295,63047,MGAM
2023-10-12,0.4800,0.5000,0.4400,0.4402,27890,MGAM
2023-10-11,0.4734,0.5200,0.4734,0.4801,119017,MGAM
2023-10-10,0.4850,0.5600,0.4600,0.4880,263144,MGAM
2023-10-09,0.5433,0.5500,0.4552,0.5000,156909,MGAM
2023-10-06,0.5500,0.6100,0.5451,0.5601,290572,MGAM
2023-10-05,0.4300,0.5500,0.4001,0.5300,559341,MGAM
2023-10-04,0.3755,0.4300,0.3660,0.4199,44718,MGAM
2023-10-03,0.3320,0.3839,0.3320,0.3700,52685,MGAM
2023-10-02,0.3396,0.3770,0.3280,0.3402,109598,MGAM
2023-09-29,0.3600,0.3840,0.3360,0.3462,158568,MGAM
2023-09-28,0.3400,0.3791,0.3230,0.3450,331689,MGAM
2023-09-27,0.2922,0.4876,0.2922,0.3590,3759390,MGAM
2023-09-26,0.2865,0.3130,0.2801,0.2922,80362,MGAM
2023-09-25,0.2900,0.3100,0.2900,0.2900,82796,MGAM
2023-09-22,0.2900,0.3400,0.2850,0.2850,127002,MGAM
2023-09-21,0.3028,0.3059,0.2800,0.2820,129524,MGAM
2023-09-20,0.3150,0.3405,0.2933,0.3060,88076,MGAM
2023-09-19,0.3195,0.3560,0.3093,0.3150,105923,MGAM
2023-09-18,0.3391,0.3600,0.3174,0.3312,150788,MGAM
2023-09-15,0.3520,0.3790,0.3461,0.3490,69357,MGAM
2023-09-14,0.3883,0.4000,0.3505,0.3799,283444,MGAM
2023-09-13,0.3853,0.3930,0.3606,0.3834,98257,MGAM
2023-09-12,0.3910,0.4000,0.3900,0.3900,49784,MGAM
2023-09-11,0.4005,0.4190,0.3800,0.3981,60564,MGAM
2023-09-08,0.3910,0.4150,0.3820,0.4095,28625,MGAM
2023-09-07,0.4024,0.4100,0.3800,0.3820,47136,MGAM
2023-09-06,0.4011,0.4400,0.4001,0.4300,39822,MGAM
2023-09-05,0.4322,0.4400,0.4002,0.4228,44550,MGAM
2023-09-01,0.4000,0.4500,0.3900,0.4201,179570,MGAM
2023-08-31,0.4651,0.4689,0.4213,0.4403,50834,MGAM
2023-08-30,0.4515,0.4688,0.4426,0.4430,24300,MGAM
2023-08-29,0.4700,0.4700,0.4330,0.4655,110711,MGAM
2023-08-28,0.4451,0.4919,0.4340,0.4700,179312,MGAM
2023-08-25,0.4560,0.4900,0.4451,0.4758,108281,MGAM
2023-08-24,0.4574,0.4950,0.4499,0.4700,76462,MGAM
2023-08-23,0.4900,0.4950,0.4400,0.4600,139590,MGAM
2023-08-22,0.5001,0.5190,0.4605,0.5100,223181,MGAM
2023-08-21,0.4500,0.5100,0.4200,0.5098,348812,MGAM
2023-08-18,0.4400,0.4536,0.4100,0.4343,170877,MGAM
2023-08-17,0.5214,0.5214,0.4290,0.4685,620863,MGAM
2023-08-16,0.5315,0.5799,0.5100,0.5338,195970,MGAM
2023-08-15,0.5400,0.5600,0.5200,0.5301,52598,MGAM
2023-08-14,0.5460,0.5700,0.5400,0.5600,104775,MGAM
2023-08-11,0.5800,0.5800,0.5473,0.5760,89926,MGAM
2023-08-10,0.5888,0.5888,0.5520,0.5695,131471,MGAM
2023-08-09,0.6290,0.6290,0.5710,0.6000,199602,MGAM
2023-08-08,0.5675,0.7178,0.5305,0.6140,1076299,MGAM
2023-08-07,0.5722,0.6100,0.5600,0.5775,223607,MGAM
2023-08-04,0.6940,0.6999,0.5900,0.5914,530200,MGAM
2023-08-03,0.6090,0.7500,0.6090,0.7149,1791797,MGAM
2023-08-02,0.6800,0.7900,0.6300,0.6500,2088086,MGAM
2023-08-01,0.6329,0.9900,0.5740,0.8400,27267760,MGAM
2023-07-31,0.5041,0.5300,0.4931,0.5259,4808400,MGAM
2023-07-28,0.5100,0.5499,0.5000,0.5056,88840,MGAM
2023-07-27,0.5400,0.5514,0.5050,0.5050,59740,MGAM
2023-07-26,0.5100,0.5300,0.5100,0.5300,70136,MGAM
2023-07-25,0.5050,0.5340,0.4852,0.5216,97137,MGAM
2023-07-24,0.4910,0.5100,0.4910,0.4911,26498,MGAM
2023-07-21,0.5087,0.5100,0.4903,0.5100,18880,MGAM
2023-07-20,0.5036,0.5100,0.4800,0.5100,42140,MGAM
2023-07-19,0.5000,0.5100,0.4801,0.5100,59669,MGAM
2023-07-18,0.5200,0.5200,0.4890,0.4975,68999,MGAM
2023-07-17,0.5269,0.5331,0.5000,0.5055,24882,MGAM
2023-07-14,0.5380,0.5380,0.5100,0.5350,40160,MGAM
2023-07-13,0.5341,0.5599,0.5180,0.5400,33064,MGAM
2023-07-12,0.5290,0.5599,0.5100,0.5450,115150,MGAM
2023-07-11,0.5130,0.7000,0.4953,0.5600,588105,MGAM
2023-07-10,0.5000,0.5140,0.4603,0.5130,23533,MGAM
2023-07-07,0.4850,0.5100,0.4719,0.4948,40589,MGAM
2023-07-06,0.4834,0.5140,0.4710,0.5000,109962,MGAM
2023-07-05,0.4835,0.5020,0.4611,0.4900,38551,MGAM
2023-07-03,0.4900,0.5000,0.4756,0.4998,37466,MGAM
2023-06-30,0.4850,0.5000,0.4600,0.4932,86410,MGAM
2023-06-29,0.4999,0.5149,0.4800,0.5020,45239,MGAM
2023-06-28,0.4849,0.5000,0.4688,0.4901,31934,MGAM
2023-06-27,0.4785,0.5000,0.4612,0.4615,38583,MGAM
2023-06-26,0.4950,0.5099,0.4500,0.4611,153699,MGAM
2023-06-23,0.5213,0.5600,0.4995,0.4995,115888,MGAM
2023-06-22,0.5400,0.5600,0.5254,0.5350,48882,MGAM
2023-06-21,0.5470,0.5600,0.5300,0.5588,52721,MGAM
2023-06-20,0.5944,0.6402,0.5300,0.5600,526831,MGAM
2023-06-16,0.5400,0.6800,0.5220,0.6551,754582,MGAM
2023-06-15,0.5300,0.5494,0.5151,0.5247,71071,MGAM
2023-06-14,0.5500,0.5678,0.5101,0.5280,177576,MGAM
2023-06-13,0.5500,0.5648,0.5321,0.5370,53231,MGAM
2023-06-12,0.5292,0.5646,0.5220,0.5480,43248,MGAM
2023-06-09,0.5490,0.5700,0.5400,0.5400,37993,MGAM
2023-06-08,0.5556,0.5675,0.5200,0.5490,79256,MGAM
2023-06-07,0.5600,0.5900,0.5460,0.5505,136308,MGAM
2023-06-06,0.5402,0.5700,0.5400,0.5700,63488,MGAM
2023-06-05,0.5400,0.5590,0.5400,0.5549,58889,MGAM
2023-06-02,0.5212,0.5497,0.5200,0.5376,60699,MGAM
2023-06-01,0.5292,0.5500,0.5200,0.5307,63350,MGAM
2023-05-31,0.5300,0.5600,0.5222,0.5400,70263,MGAM
2023-05-30,0.5500,0.5600,0.5200,0.5599,60133,MGAM
2023-05-26,0.5500,0.5543,0.5325,0.5486,86884,MGAM
2023-05-25,0.5310,0.7210,0.5190,0.5684,1268326,MGAM
2023-05-24,0.5400,0.5894,0.5333,0.5501,32879,MGAM
2023-05-23,0.5300,0.5699,0.5300,0.5548,52611,MGAM
2023-05-22,0.5400,0.5600,0.5300,0.5499,117552,MGAM
2023-05-19,0.5500,0.5727,0.5300,0.5599,87114,MGAM
2023-05-18,0.5400,0.5599,0.5200,0.5301,35263,MGAM
2023-05-17,0.5289,0.5600,0.5160,0.5599,74241,MGAM
2023-05-16,0.5200,0.5600,0.5150,0.5401,84596,MGAM
2023-05-15,0.6100,0.6100,0.5310,0.5425,64401,MGAM
2023-05-12,0.5799,0.5799,0.5201,0.5302,121859,MGAM
2023-05-11,0.5930,0.6208,0.5612,0.5725,159149,MGAM
2023-05-10,0.6000,0.6300,0.5900,0.5925,84428,MGAM
2023-05-09,0.6050,0.6500,0.6050,0.6250,27985,MGAM
2023-05-08,0.6350,0.6560,0.6080,0.6081,73774,MGAM
2023-05-05,0.6300,0.6667,0.6130,0.6350,59722,MGAM
2023-05-04,0.6655,0.6700,0.5800,0.6300,170546,MGAM
2023-05-03,0.6600,0.6799,0.6300,0.6395,74985,MGAM
2023-05-02,0.7200,0.7384,0.6300,0.6601,313660,MGAM
2023-05-01,0.6400,0.6944,0.6350,0.6800,114709,MGAM
2023-04-28,0.6600,0.6800,0.6120,0.6251,198621,MGAM
2023-04-27,0.6700,0.6800,0.6500,0.6513,271272,MGAM
2023-04-26,0.6600,0.6900,0.6401,0.6573,148563,MGAM
2023-04-25,0.7000,0.7150,0.6580,0.6611,156163,MGAM
2023-04-24,0.7400,0.7400,0.6832,0.7150,59989,MGAM
2023-04-21,0.7300,0.7500,0.6951,0.7290,81933,MGAM
2023-04-20,0.7500,0.7700,0.7120,0.7211,147858,MGAM
2023-04-19,0.8100,0.8100,0.7500,0.7600,152993,MGAM
2023-04-18,0.7500,0.8500,0.7250,0.8000,1296644,MGAM
2023-04-17,0.7500,0.7650,0.7300,0.7600,74462,MGAM
2023-04-14,0.7196,0.8200,0.7000,0.7673,594502,MGAM
2023-04-13,0.7000,0.7100,0.6800,0.7088,208048,MGAM
2023-04-12,0.7100,0.7101,0.6800,0.6899,121631,MGAM
2023-04-11,0.7055,0.7250,0.6900,0.7050,112917,MGAM
2023-04-10,0.7500,0.7500,0.6801,0.7200,144559,MGAM
2023-04-06,0.7050,0.8600,0.6607,0.7750,780809,MGAM
2023-04-05,0.7400,0.7400,0.6811,0.7000,97126,MGAM
2023-04-04,0.7100,0.7400,0.7100,0.7400,83401,MGAM
2023-04-03,0.7192,0.7500,0.7000,0.7027,197595,MGAM
2023-03-31,0.6834,0.7000,0.6591,0.6850,45500,MGAM
2023-03-30,0.7300,0.7300,0.6800,0.6830,156497,MGAM
2023-03-29,0.6495,0.7200,0.6300,0.7200,491050,MGAM
2023-03-28,0.6995,0.6999,0.6376,0.6488,274047,MGAM
2023-03-27,0.7400,0.7499,0.6625,0.6880,439824,MGAM
2023-03-24,0.7099,0.7100,0.6850,0.6999,129901,MGAM
2023-03-23,0.7400,0.7750,0.6813,0.6909,188685,MGAM
2023-03-22,0.7448,0.7900,0.7201,0.7336,145255,MGAM
2023-03-21,0.7500,0.7650,0.7150,0.7600,113971,MGAM
2023-03-20,0.7900,0.7900,0.6822,0.7465,195850,MGAM
2023-03-17,0.7580,0.7899,0.7200,0.7899,175712,MGAM
2023-03-16,0.7600,0.7795,0.7160,0.7500,131553,MGAM
2023-03-15,0.7700,0.8393,0.7221,0.7700,371566,MGAM
2023-03-14,0.6800,0.9400,0.6580,0.8355,1584121,MGAM
2023-03-13,0.6310,0.6850,0.6310,0.6705,226825,MGAM
2023-03-10,0.7000,0.7449,0.6301,0.6490,579591,MGAM
2023-03-09,0.7250,0.8000,0.6912,0.6912,510379,MGAM
2023-03-08,0.7000,0.7395,0.6801,0.7150,441557,MGAM
2023-03-07,0.7500,0.7795,0.6700,0.7000,523406,MGAM
2023-03-06,0.7700,0.8299,0.7500,0.7500,1348852,MGAM
2023-03-03,0.7980,0.8240,0.7711,0.7842,454928,MGAM
2023-03-02,0.7800,0.9710,0.7700,0.7800,1541100,MGAM
2023-03-01,0.8372,0.8662,0.7950,0.8080,302421,MGAM
2023-02-28,0.8800,0.9100,0.8405,0.8405,229545,MGAM
2023-02-27,0.8400,0.8999,0.8300,0.8731,527928,MGAM
2023-02-24,0.9900,1.0900,0.8200,0.8600,1547903,MGAM
2023-02-23,0.9700,1.1300,0.9700,1.0200,782059,MGAM
2023-02-22,1.0200,1.1500,0.9900,0.9951,929104,MGAM
2023-02-21,1.1000,1.1800,1.0100,1.0300,596795,MGAM
2023-02-17,1.3000,1.3974,1.1000,1.1500,859459,MGAM
2023-02-16,1.4000,1.5399,1.2500,1.3400,524731,MGAM
2023-02-15,1.5500,1.7400,1.4100,1.4600,507442,MGAM
2023-02-14,1.6800,1.7299,1.5000,1.5300,449521,MGAM
2023-02-13,1.7600,1.9200,1.6700,1.7400,775657,MGAM
2023-02-10,1.9500,2.0400,1.7200,1.7700,1515411,MGAM
2023-02-09,2.5400,2.6528,2.0000,2.0300,609901,MGAM
2023-02-08,2.3300,2.7500,2.2700,2.5800,2174459,MGAM
2023-02-07,2.7400,2.7499,2.3100,2.3900,1037902,MGAM
2023-02-06,3.1000,3.1297,2.7900,2.9000,762835,MGAM
2023-02-03,3.0800,3.8100,2.9100,3.0000,5226254,MGAM
2023-02-02,2.9100,3.9700,2.5300,3.4800,8883135,MGAM
2023-02-01,3.5400,4.6800,3.0601,3.7400,71050883,MGAM
2023-01-31,0.9880,2.8600,0.9510,2.5800,68705724,MGAM
2023-01-30,1.0100,1.0800,0.9400,0.9850,98534,MGAM
2023-01-27,0.9800,1.0100,0.9501,0.9620,79821,MGAM
2023-01-26,1.0000,1.0519,0.9600,1.0100,121627,MGAM
2023-01-25,1.0100,1.0300,0.9600,1.0100,163029,MGAM
2023-01-24,0.9951,1.0000,0.9400,0.9900,132160,MGAM
2023-01-23,1.0300,1.0300,0.9200,0.9793,196149,MGAM
2023-01-20,1.0800,1.1100,1.0000,1.0300,205621,MGAM
2023-01-19,1.1200,1.1499,1.0800,1.1042,138051,MGAM
2023-01-18,1.1200,1.1600,1.0800,1.1400,143223,MGAM
2023-01-17,1.2200,1.2600,1.0800,1.1099,170454,MGAM
2023-01-13,1.3900,1.3900,1.2200,1.2600,460933,MGAM
2023-01-12,1.2200,1.2450,1.0800,1.0900,423399,MGAM
2023-01-11,1.3600,1.3860,1.2600,1.2800,371890,MGAM
2023-01-10,1.2500,1.4900,1.2180,1.4100,903621,MGAM
2023-01-09,1.0800,1.4200,1.0800,1.1900,1494623,MGAM
2023-01-06,1.6100,1.6800,1.0300,1.2200,10544467,MGAM
2023-01-05,0.9000,1.1181,0.8700,1.0850,591815,MGAM
2023-01-04,0.9200,0.9873,0.8800,0.8940,121796,MGAM
2023-01-03,0.8598,1.0700,0.7900,0.9398,591717,MGAM
2022-12-30,0.9310,0.9500,0.8051,0.8248,128036,MGAM
2022-12-29,0.8985,0.9899,0.8513,0.8867,126308,MGAM
2022-12-28,1.0863,1.1400,0.8469,0.9303,457147,MGAM
2022-12-27,1.2100,1.2700,1.0400,1.1200,573616,MGAM
2022-12-23,1.0500,1.8000,1.0000,1.3600,5611073,MGAM
2022-12-22,1.0000,1.0500,0.7700,1.0300,789346,MGAM
2022-12-21,0.6900,0.9701,0.6653,0.9156,1951739,MGAM
2022-12-20,0.6170,0.7001,0.6116,0.6402,20716,MGAM
2022-12-19,0.6800,0.7440,0.6565,0.6600,50763,MGAM
2022-12-16,0.7230,0.7400,0.6900,0.6901,29685,MGAM
2022-12-15,0.7569,0.7569,0.7230,0.7230,19328,MGAM
2022-12-14,0.7351,0.7699,0.7200,0.7570,18988,MGAM
2022-12-13,0.7488,0.7758,0.6901,0.7200,76446,MGAM
2022-12-12,0.7800,0.8399,0.7100,0.7201,66963,MGAM
2022-12-09,0.7900,0.8000,0.7100,0.7850,66242,MGAM
2022-12-08,0.7111,0.7890,0.7001,0.7650,40234,MGAM
2022-12-07,0.7777,0.7777,0.6847,0.7300,60431,MGAM
2022-12-06,0.7800,0.8300,0.7600,0.7711,25904,MGAM
2022-12-05,0.7800,0.8597,0.7700,0.8091,38025,MGAM
2022-12-02,0.8099,0.8668,0.7600,0.8199,44008,MGAM
2022-12-01,0.8243,0.8600,0.7600,0.8153,57416,MGAM
2022-11-30,0.8540,0.8740,0.7850,0.7850,60838,MGAM
2022-11-29,0.7726,0.8498,0.7700,0.8496,31558,MGAM
2022-11-28,0.7600,0.7950,0.7600,0.7700,28356,MGAM
2022-11-25,0.7855,0.8165,0.7751,0.7800,40693,MGAM
2022-11-23,0.7901,0.8179,0.7600,0.7600,35490,MGAM
2022-11-22,0.7822,0.8437,0.7822,0.7901,25750,MGAM
2022-11-21,0.8100,0.8486,0.7406,0.7672,41079,MGAM
2022-11-18,0.8201,0.8589,0.8001,0.8051,13875,MGAM
2022-11-17,0.8522,0.8700,0.8005,0.8155,19488,MGAM
2022-11-16,0.9216,0.9216,0.8503,0.8707,30463,MGAM
2022-11-15,0.9500,0.9700,0.9050,0.9050,33137,MGAM
2022-11-14,0.9625,0.9625,0.8541,0.8794,47552,MGAM
2022-11-11,0.9327,0.9334,0.9000,0.9000,56096,MGAM
2022-11-10,0.9700,0.9700,0.8200,0.8902,61026,MGAM
2022-11-09,0.9400,0.9800,0.7500,0.8995,69111,MGAM
2022-11-08,1.0250,1.0250,0.9800,0.9800,45704,MGAM
2022-11-07,0.9900,1.0400,0.9900,1.0000,19014,MGAM
2022-11-04,1.0400,1.0799,0.9400,1.0102,75321,MGAM
2022-11-03,1.0500,1.0800,1.0101,1.0700,28700,MGAM
2022-11-02,1.1200,1.1300,1.0400,1.0650,107496,MGAM
2022-11-01,1.0800,1.1300,1.0500,1.0900,42850,MGAM
2022-10-31,1.2000,1.2212,1.0800,1.0800,214694,MGAM
2022-10-28,1.2168,1.2627,1.1800,1.2200,46455,MGAM
2022-10-27,1.2600,1.2900,1.2100,1.2100,24055,MGAM
2022-10-26,1.2700,1.3399,1.2600,1.2800,24177,MGAM
2022-10-25,1.1700,1.3000,1.1700,1.2800,40494,MGAM
2022-10-24,1.2500,1.2600,1.1800,1.2000,38651,MGAM
2022-10-21,1.2200,1.2500,1.1800,1.2300,48201,MGAM
2022-10-20,1.2900,1.3000,1.2100,1.2100,91979,MGAM
2022-10-19,1.4300,1.4500,1.2500,1.2992,65596,MGAM
2022-10-18,1.4700,1.4999,1.3700,1.3700,66724,MGAM
2022-10-17,1.3800,1.4500,1.3800,1.4400,43044,MGAM
2022-10-14,1.5000,1.5000,1.3800,1.3800,49095,MGAM
2022-10-13,1.3500,1.5100,1.2788,1.4400,75870,MGAM
2022-10-12,1.4528,1.4528,1.3000,1.3500,41325,MGAM
2022-10-11,1.3400,1.4900,1.3300,1.3500,76900,MGAM
2022-10-10,1.5100,1.5300,1.3100,1.4400,68720,MGAM
2022-10-07,1.6400,1.6600,1.5100,1.5200,90044,MGAM
2022-10-06,1.8100,1.8700,1.6700,1.6700,138173,MGAM
2022-10-05,1.8000,1.8500,1.7400,1.7900,87927,MGAM
2022-10-04,1.7900,1.8900,1.7200,1.8600,146678,MGAM
2022-10-03,1.9500,1.9500,1.7600,1.7600,171260,MGAM
2022-09-30,2.0700,2.1600,1.9000,1.9000,226337,MGAM
2022-09-29,2.1700,2.1700,2.0122,2.0700,118191,MGAM
2022-09-28,2.0600,2.2700,2.0300,2.1900,243020,MGAM
2022-09-27,2.0500,2.1619,2.0100,2.0400,217876,MGAM
2022-09-26,2.0700,2.1450,2.0300,2.0400,254832,MGAM
2022-09-23,2.3100,2.3163,2.0900,2.1100,290374,MGAM
2022-09-22,2.1700,2.4100,2.1300,2.3400,599482,MGAM
2022-09-21,2.3600,2.4899,2.1400,2.3100,2847794,MGAM
2022-09-20,3.0700,3.6500,2.8400,3.0600,31943341,MGAM
2022-09-19,2.2400,2.5200,2.0400,2.4200,2606279,MGAM
2022-09-16,2.3000,2.3500,2.2250,2.3200,172027,MGAM
2022-09-15,2.4000,2.5307,2.2600,2.3500,393466,MGAM
2022-09-14,2.3800,2.7500,2.3000,2.4100,1559122,MGAM
2022-09-13,2.5100,2.6400,2.2300,2.3441,641092,MGAM
2022-09-12,2.7200,2.8150,2.5500,2.6200,532727,MGAM
2022-09-09,2.8200,2.9400,2.6502,2.7500,255086,MGAM
2022-09-08,2.4100,2.9000,2.4000,2.7300,664625,MGAM
2022-09-07,2.5900,2.8899,2.2100,2.4500,601850,MGAM
2022-09-06,3.0500,3.0900,2.7300,2.7426,547996,MGAM
2022-09-02,3.5000,3.5800,3.1600,3.3700,1042624,MGAM
2022-09-01,3.2200,3.8500,3.0200,3.7200,4396082,MGAM
2022-08-31,4.8500,5.0600,3.5200,3.6200,12250102,MGAM
2022-08-30,3.9200,5.4500,3.3401,5.3000,87152470,MGAM
2022-08-29,2.2700,2.6600,2.2600,2.6000,743909,MGAM
2022-08-26,2.6618,2.6618,2.3300,2.4700,343256,MGAM
2022-08-25,3.0200,3.1000,2.5100,2.6000,280706,MGAM
2022-08-24,2.9500,3.3000,2.6855,3.0000,762852,MGAM
2022-08-23,2.9100,3.0048,2.9100,2.9200,215064,MGAM
2022-08-22,3.4000,3.4000,2.9000,2.9400,303932,MGAM
2022-08-19,3.8000,3.9400,3.3750,3.4400,350135,MGAM
2022-08-18,3.9000,4.0000,3.6465,3.7600,388486,MGAM
2022-08-17,3.8600,3.9400,3.6100,3.9400,350345,MGAM
2022-08-16,4.1100,4.2599,3.7400,3.9200,718643,MGAM
2022-08-15,3.7500,4.6300,3.7200,4.1200,1906848,MGAM
2022-08-12,4.1500,4.2200,3.6000,3.8400,839611,MGAM
2022-08-11,4.3000,4.7900,4.0100,4.0100,1458833,MGAM
2022-08-10,4.6800,5.6000,4.3400,4.3500,1942513,MGAM
2022-08-09,5.4900,5.6200,4.2000,4.6000,1494669,MGAM
2022-08-08,6.1200,6.2799,5.1400,5.5500,2342685,MGAM
2022-08-05,6.1900,6.6500,6.0076,6.1200,1184340,MGAM
2022-08-04,6.1000,8.4000,6.0501,6.5500,5153721,MGAM
2022-08-03,7.3800,7.7500,5.5500,6.2100,2612762,MGAM
2022-08-02,10.5100,10.9000,7.3900,8.6300,5646778,MGAM
2022-08-01,16.3000,20.7400,10.2000,12.9800,24345319,MGAM
2022-07-29,4.5000,12.5700,4.0300,11.1900,15268866,MGAM
2023-10-20,0.3316,0.3780,0.3088,0.3260,68066,ASST
2023-10-19,0.3705,0.3959,0.3205,0.3605,105754,ASST
2023-10-18,0.4500,0.4552,0.3539,0.3700,162591,ASST
2023-10-17,0.4689,0.4971,0.4569,0.4600,22687,ASST
2023-10-16,0.5263,0.5359,0.4700,0.4701,106673,ASST
2023-10-13,0.5200,0.6620,0.4701,0.5361,502908,ASST
2023-10-12,0.4200,0.5485,0.3906,0.5212,1041315,ASST
2023-10-11,0.3440,0.4550,0.3255,0.4350,1223609,ASST
2023-10-10,0.3050,0.3399,0.3000,0.3000,107440,ASST
2023-10-09,0.3466,0.3569,0.2920,0.3001,107309,ASST
2023-10-06,0.3618,0.3700,0.3220,0.3251,121496,ASST
2023-10-05,0.3864,0.3864,0.3100,0.3300,77654,ASST
2023-10-04,0.4224,0.4478,0.3700,0.3706,85170,ASST
2023-10-03,0.4280,0.4950,0.4280,0.4400,66277,ASST
2023-10-02,0.4966,0.5199,0.4301,0.4880,48134,ASST
2023-09-29,0.5539,0.5539,0.4560,0.4951,61223,ASST
2023-09-28,0.4995,0.5239,0.4800,0.4801,116187,ASST
2023-09-27,0.4910,0.5600,0.4800,0.5440,57261,ASST
2023-09-26,0.5355,0.5355,0.4800,0.4901,13723,ASST
2023-09-25,0.5230,0.5565,0.4505,0.5100,19369,ASST
2023-09-22,0.5200,0.6000,0.4600,0.5010,53058,ASST
2023-09-21,0.5626,0.6000,0.5211,0.5575,5091,ASST
2023-09-20,0.5200,0.6400,0.5200,0.5359,19305,ASST
2023-09-19,0.5738,0.5738,0.5201,0.5396,15021,ASST
2023-09-18,0.6000,0.6211,0.5300,0.5800,49344,ASST
2023-09-15,0.5635,0.6899,0.5635,0.5916,26573,ASST
2023-09-14,0.6699,0.6699,0.5263,0.6155,30584,ASST
2023-09-13,0.6300,0.6600,0.6042,0.6150,8278,ASST
2023-09-12,0.6900,0.6900,0.6170,0.6200,4099,ASST
2023-09-11,0.6825,0.6906,0.6051,0.6100,17697,ASST
2023-09-08,0.6042,0.6753,0.6042,0.6505,9551,ASST
2023-09-07,0.6080,0.6520,0.6050,0.6130,37260,ASST
2023-09-06,0.6500,0.7000,0.6006,0.6050,33986,ASST
2023-09-05,0.6800,0.7140,0.6200,0.6411,64202,ASST
2023-09-01,0.7390,0.7398,0.6900,0.6900,39412,ASST
2023-08-31,0.7000,0.7400,0.6700,0.7300,19848,ASST
2023-08-30,0.7250,0.7400,0.6700,0.7100,16248,ASST
2023-08-29,0.7000,0.7250,0.6905,0.7244,24235,ASST
2023-08-28,0.6300,0.7201,0.6300,0.6750,50102,ASST
2023-08-25,0.6500,0.6500,0.6113,0.6200,23339,ASST
2023-08-24,0.6598,0.6701,0.6006,0.6110,20206,ASST
2023-08-23,0.6000,0.6586,0.6000,0.6100,35056,ASST
2023-08-22,0.7100,0.7799,0.6006,0.6106,35391,ASST
2023-08-21,0.7772,0.7772,0.7100,0.7100,16731,ASST
2023-08-18,0.7857,0.8064,0.7101,0.7402,62241,ASST
2023-08-17,0.9000,0.9000,0.6700,0.8100,110873,ASST
2023-08-16,0.9750,0.9750,0.8501,0.8511,80329,ASST
2023-08-15,1.0000,1.0600,0.9500,0.9975,94806,ASST
2023-08-14,1.0400,1.0600,1.0200,1.0200,10625,ASST
2023-08-11,1.0300,1.1000,1.0200,1.0262,32513,ASST
2023-08-10,1.0900,1.0900,1.0100,1.0200,51517,ASST
2023-08-09,1.0750,1.1400,1.0500,1.1200,46996,ASST
2023-08-08,1.0972,1.0999,1.0500,1.0700,20428,ASST
2023-08-07,1.1100,1.1400,1.0600,1.0600,12312,ASST
2023-08-04,1.0900,1.1799,1.0900,1.1300,40637,ASST
2023-08-03,1.1400,1.1400,1.0900,1.1200,40645,ASST
2023-08-02,1.1200,1.1501,1.1000,1.1100,39558,ASST
2023-08-01,1.2500,1.2700,1.1000,1.1000,80243,ASST
2023-07-31,1.1400,1.2600,1.1200,1.2100,81047,ASST
2023-07-28,1.1724,1.1724,1.0900,1.1500,29910,ASST
2023-07-27,1.1300,1.1900,1.0800,1.0900,28153,ASST
2023-07-26,1.1800,1.1900,1.0700,1.1598,92542,ASST
2023-07-25,1.1800,1.2100,1.1800,1.1800,32315,ASST
2023-07-24,1.2000,1.2100,1.1700,1.1900,42382,ASST
2023-07-21,1.3000,1.3000,1.2000,1.2000,27062,ASST
2023-07-20,1.2400,1.2800,1.2200,1.2700,32595,ASST
2023-07-19,1.2800,1.3100,1.2300,1.2500,53291,ASST
2023-07-18,1.3300,1.3773,1.2238,1.2800,90400,ASST
2023-07-17,1.4700,1.4700,1.3500,1.3650,65233,ASST
2023-07-14,1.4200,1.4700,1.4000,1.4450,105905,ASST
2023-07-13,1.3400,1.5300,1.3300,1.4300,317569,ASST
2023-07-12,1.3300,1.3800,1.3100,1.3300,259695,ASST
2023-07-11,1.6500,1.7000,1.2700,1.3300,1113957,ASST
2023-07-10,1.7700,1.7964,1.5700,1.6500,225736,ASST
2023-07-07,1.7800,1.8600,1.7000,1.7400,144116,ASST
2023-07-06,1.8500,1.9200,1.7700,1.8300,171001,ASST
2023-07-05,1.8600,1.9700,1.7500,1.9000,238774,ASST
2023-07-03,1.7800,1.8400,1.7400,1.7400,98318,ASST
2023-06-30,1.8300,1.8300,1.7100,1.7400,224726,ASST
2023-06-29,1.8500,1.8800,1.7600,1.8100,225344,ASST
2023-06-28,1.8900,1.9699,1.7600,1.7600,482433,ASST
2023-06-27,1.8300,1.9900,1.8300,1.8700,178164,ASST
2023-06-26,2.3100,2.4600,1.8300,1.8900,741288,ASST
2023-06-23,2.3300,2.5500,2.2700,2.4800,344296,ASST
2023-06-22,2.0200,2.5800,2.0100,2.4300,885501,ASST
2023-06-21,1.9800,2.7800,1.8200,2.3800,4423228,ASST
2023-06-20,2.0750,2.3000,1.9500,2.0000,1461365,ASST
2023-06-16,2.1900,2.2000,1.9500,2.1400,656168,ASST
2023-06-15,2.0000,2.2299,1.9300,2.1100,1252872,ASST
2023-06-14,1.9800,2.3400,1.8800,1.9750,7182051,ASST
2023-06-13,1.7000,2.4000,1.6100,1.8000,8888720,ASST
2023-06-12,3.0100,3.4900,1.9301,2.0200,90258008,ASST
2023-06-09,1.3700,1.3700,1.0400,1.1500,671657,ASST
2023-06-08,1.3300,1.4000,1.1500,1.3700,1613907,ASST
2023-06-07,1.1350,1.2500,1.0800,1.2400,916450,ASST
2023-06-06,1.1600,1.2500,1.1100,1.1600,250758,ASST
2023-06-05,1.0600,1.3000,1.0200,1.1200,982667,ASST
2023-06-02,1.0020,1.0300,0.9970,1.0001,41326,ASST
2023-06-01,1.0300,1.0300,0.9600,0.9900,59792,ASST
2023-05-31,1.0400,1.0400,1.0000,1.0300,74000,ASST
2023-05-30,0.9360,1.1000,0.9000,1.0200,211794,ASST
2023-05-26,1.1100,1.1100,0.9184,0.9649,166342,ASST
2023-05-25,1.0600,1.1500,0.9950,1.1000,274916,ASST
2023-05-24,0.9280,1.1700,0.8630,1.1400,1165799,ASST
2023-05-23,0.8727,0.9599,0.8200,0.9499,188600,ASST
2023-05-22,0.9000,0.9100,0.8274,0.8600,32198,ASST
2023-05-19,1.0200,1.0200,0.8743,0.8906,45412,ASST
2023-05-18,0.9805,0.9805,0.9410,0.9414,18747,ASST
2023-05-17,1.0000,1.0000,0.9500,0.9899,23568,ASST
2023-05-16,1.0200,1.0200,0.9122,0.9600,58025,ASST
2023-05-15,1.0400,1.0500,1.0000,1.0340,34563,ASST
2023-05-12,1.0300,1.0493,0.9700,0.9820,69169,ASST
2023-05-11,1.0200,1.0499,0.9612,1.0107,150909,ASST
2023-05-10,1.0600,1.1300,0.9520,0.9900,466745,ASST
2023-05-09,0.9500,0.9999,0.8888,0.9300,71123,ASST
2023-05-08,0.9800,0.9800,0.9201,0.9590,45414,ASST
2023-05-05,0.9203,0.9999,0.9203,0.9495,23044,ASST
2023-05-04,0.9900,0.9999,0.9303,0.9551,91633,ASST
2023-05-03,0.9100,1.0498,0.8800,0.9500,171736,ASST
2023-05-02,0.8910,0.9100,0.8501,0.9099,55322,ASST
2023-05-01,0.8633,0.9295,0.8630,0.8900,60594,ASST
2023-04-28,0.9000,0.9300,0.8215,0.8900,78764,ASST
2023-04-27,0.9050,0.9399,0.8111,0.8773,206301,ASST
2023-04-26,0.9700,0.9800,0.8800,0.8800,107115,ASST
2023-04-25,0.8940,1.0500,0.8940,1.0000,480823,ASST
2023-04-24,1.0500,1.1400,0.8800,0.9088,642399,ASST
2023-04-21,1.0700,2.0900,1.0476,1.1550,12347728,ASST
2023-04-20,1.1144,1.1353,1.0100,1.0300,75872,ASST
2023-04-19,1.1021,1.1362,1.0601,1.1000,15956,ASST
2023-04-18,1.1100,1.1500,1.0100,1.1100,62890,ASST
2023-04-17,1.1700,1.2215,1.1000,1.1200,86069,ASST
2023-04-14,0.9700,1.1410,0.9600,1.1000,254890,ASST
2023-04-13,0.8599,1.0300,0.8599,0.9681,78491,ASST
2023-04-12,0.9300,0.9300,0.8505,0.8617,30564,ASST
2023-04-11,0.9600,0.9600,0.9000,0.9100,23604,ASST
2023-04-10,0.9590,1.0099,0.8551,0.9100,33377,ASST
2023-04-06,0.8800,1.0300,0.8500,0.9411,151351,ASST
2023-04-05,1.0800,1.0800,0.8316,0.9000,159715,ASST
2023-04-04,1.1100,1.1350,1.0500,1.0800,43356,ASST
2023-04-03,1.2600,1.2600,1.0950,1.1400,162562,ASST
2023-03-31,1.4300,1.4301,1.2400,1.3000,58935,ASST
2023-03-30,1.4300,1.5053,1.4100,1.4500,38162,ASST
2023-03-29,1.4400,1.5900,1.4200,1.4500,75250,ASST
2023-03-28,1.5600,1.5800,1.4800,1.4800,54654,ASST
2023-03-27,1.6900,1.7000,1.5100,1.5600,95379,ASST
2023-03-24,1.6800,1.7582,1.5600,1.6700,47376,ASST
2023-03-23,1.7800,1.8200,1.6700,1.6800,43773,ASST
2023-03-22,1.8300,1.8300,1.6800,1.7500,84334,ASST
2023-03-21,1.8100,1.9298,1.6601,1.8900,189317,ASST
2023-03-20,1.6100,2.0000,1.6100,1.7500,606484,ASST
2023-03-17,1.7700,1.7800,1.5700,1.5900,109793,ASST
2023-03-16,1.6000,1.6293,1.5300,1.6000,41418,ASST
2023-03-15,1.7400,1.7400,1.5878,1.6500,11522,ASST
2023-03-14,1.6000,1.7600,1.6000,1.7100,51717,ASST
2023-03-13,1.7600,1.7600,1.5301,1.6400,37612,ASST
2023-03-10,1.7000,1.7800,1.6100,1.7400,106268,ASST
2023-03-09,1.7900,1.8200,1.7400,1.7800,24858,ASST
2023-03-08,1.7800,1.8300,1.6700,1.7500,179380,ASST
2023-03-07,1.8200,1.8900,1.7803,1.8300,58706,ASST
2023-03-06,1.9400,1.9500,1.6600,1.8600,283094,ASST
2023-03-03,2.0400,3.0000,1.9400,2.1100,2535035,ASST
2023-03-02,1.8000,2.1400,1.8000,2.0400,370347,ASST
2023-03-01,1.6600,2.1400,1.6200,1.9000,867922,ASST
2023-02-28,2.0500,2.1400,1.4300,1.6600,793376,ASST
2023-02-27,1.6200,2.3600,1.5436,2.2100,3345905,ASST
2023-02-24,1.6650,1.7000,1.5400,1.5500,38526,ASST
2023-02-23,1.7200,1.7500,1.6200,1.7050,34446,ASST
2023-02-22,1.6600,1.7800,1.6500,1.6700,39063,ASST
2023-02-21,1.7600,1.7600,1.6293,1.6500,39005,ASST
2023-02-17,1.6600,1.7500,1.6500,1.7400,41305,ASST
2023-02-16,1.7400,1.8000,1.6200,1.6600,79079,ASST
2023-02-15,1.7800,1.8600,1.6900,1.7900,194532,ASST
2023-02-14,1.9600,1.9600,1.6750,1.7700,225907,ASST
2023-02-13,1.7500,2.3400,1.7300,1.8300,775772,ASST
2023-02-10,1.7800,1.8200,1.7154,1.7400,84397,ASST
2023-02-09,2.2200,2.2700,1.8100,1.8700,366957,ASST
2023-02-08,2.4000,2.5500,2.1800,2.2000,212950,ASST
2023-02-07,2.5000,2.6514,2.4000,2.4300,149952,ASST
2023-02-06,2.9200,3.0200,2.5411,2.5500,575125,ASST
2023-02-03,5.8800,6.9800,3.0300,3.5500,2463379,ASST
2023-10-20,1.2400,1.2800,1.2000,1.2728,3917,SNAL
2023-10-19,1.3900,1.4000,1.2299,1.2400,11980,SNAL
2023-10-18,1.3200,1.3200,1.2900,1.3100,2175,SNAL
2023-10-17,1.4500,1.4500,1.3250,1.3500,14104,SNAL
2023-10-16,1.3100,1.4000,1.2600,1.3200,12360,SNAL
2023-10-13,1.4300,1.4300,1.3690,1.4000,4298,SNAL
2023-10-12,1.3100,1.4300,1.2999,1.3800,14239,SNAL
2023-10-11,1.3200,1.4000,1.3200,1.3400,4570,SNAL
2023-10-10,1.3300,1.3700,1.3270,1.3700,3239,SNAL
2023-10-09,1.3300,1.3700,1.3300,1.3700,876,SNAL
2023-10-06,1.3700,1.3800,1.3200,1.3650,4201,SNAL
2023-10-05,1.4200,1.4200,1.3450,1.3500,7041,SNAL
2023-10-04,1.3800,1.3900,1.3401,1.3900,2310,SNAL
2023-10-03,1.2900,1.3800,1.2900,1.3800,7938,SNAL
2023-10-02,1.1600,1.2900,1.1600,1.2900,5540,SNAL
2023-09-29,1.1500,1.1699,1.1400,1.1400,3555,SNAL
2023-09-28,1.1400,1.1400,1.1000,1.1400,7149,SNAL
2023-09-27,1.1201,1.1400,1.0600,1.1200,8630,SNAL
2023-09-26,1.1000,1.1000,1.0650,1.0700,4043,SNAL
2023-09-25,1.1200,1.1200,1.0800,1.0800,4476,SNAL
2023-09-22,1.1000,1.1300,1.0700,1.0700,6137,SNAL
2023-09-21,1.1300,1.1600,1.1000,1.1500,7574,SNAL
2023-09-20,1.1700,1.2000,1.1100,1.1900,12852,SNAL
2023-09-19,1.1301,1.1750,1.1001,1.1200,4461,SNAL
2023-09-18,1.1800,1.1801,1.1000,1.1300,11295,SNAL
2023-09-15,1.1700,1.1700,1.1000,1.1400,21912,SNAL
2023-09-14,1.2100,1.2200,1.1300,1.1300,10466,SNAL
2023-09-13,1.2100,1.2100,1.1100,1.1300,10679,SNAL
2023-09-12,1.2100,1.2100,1.1100,1.1200,21212,SNAL
2023-09-11,1.1600,1.2100,1.1100,1.1984,8989,SNAL
2023-09-08,1.1700,1.2000,1.1300,1.1300,4259,SNAL
2023-09-07,1.2600,1.2600,1.1500,1.1950,10195,SNAL
2023-09-06,1.2300,1.3000,1.2100,1.3000,3528,SNAL
2023-09-05,1.3000,1.3114,1.2011,1.2500,5496,SNAL
2023-09-01,1.2100,1.3000,1.2100,1.2600,34585,SNAL
2023-08-31,1.2100,1.2400,1.1700,1.1800,15427,SNAL
2023-08-30,1.2000,1.3000,1.1800,1.2200,3471,SNAL
2023-08-29,1.2200,1.2600,1.1900,1.2500,9198,SNAL
2023-08-28,1.2800,1.3100,1.2200,1.2200,22357,SNAL
2023-08-25,1.4000,1.4000,1.3100,1.3100,3937,SNAL
2023-08-24,1.3700,1.3950,1.3100,1.3500,10951,SNAL
2023-08-23,1.3531,1.4200,1.3500,1.3600,6906,SNAL
2023-08-22,1.4150,1.4200,1.3500,1.3500,11046,SNAL
2023-08-21,1.4600,1.4850,1.3800,1.4100,12977,SNAL
2023-08-18,1.4900,1.5200,1.4200,1.4200,25680,SNAL
2023-08-17,1.5000,1.5000,1.4500,1.5000,6276,SNAL
2023-08-16,1.5800,1.5900,1.4500,1.4600,39198,SNAL
2023-08-15,1.5800,1.7600,1.5800,1.6300,31026,SNAL
2023-08-14,1.6000,1.6500,1.5700,1.6400,13524,SNAL
2023-08-11,1.5700,1.6400,1.5700,1.6100,6088,SNAL
2023-08-10,1.6400,1.6400,1.6100,1.6400,2724,SNAL
2023-08-09,1.7000,1.7400,1.6000,1.6400,24778,SNAL
2023-08-08,1.5750,1.7850,1.5600,1.7250,105241,SNAL
2023-08-07,1.5900,1.7300,1.5855,1.6000,21277,SNAL
2023-08-04,1.7100,1.7100,1.5900,1.5900,12895,SNAL
2023-08-03,1.6600,1.7900,1.6600,1.7300,11234,SNAL
2023-08-02,1.7000,1.8399,1.6400,1.7200,26436,SNAL
2023-08-01,1.8500,1.8800,1.7500,1.8200,17988,SNAL
2023-07-31,1.8700,1.8900,1.7600,1.8700,11096,SNAL
2023-07-28,1.8300,1.9000,1.7820,1.7820,23819,SNAL
2023-07-27,1.8200,1.8700,1.7700,1.8400,24062,SNAL
2023-07-26,1.7600,1.8500,1.7600,1.7600,12262,SNAL
2023-07-25,1.8100,1.9600,1.8000,1.8000,29547,SNAL
2023-07-24,1.8600,1.9100,1.8300,1.8421,20579,SNAL
2023-07-21,2.0400,2.0500,1.8500,1.9000,57347,SNAL
2023-07-20,2.0000,2.0400,1.8900,1.9800,30912,SNAL
2023-07-19,2.0000,2.0600,1.9451,1.9451,30506,SNAL
2023-07-18,1.9100,2.0900,1.9100,2.0600,81221,SNAL
2023-07-17,1.8300,1.9900,1.8001,1.9700,131268,SNAL
2023-07-14,1.8500,2.0000,1.7600,1.8900,475319,SNAL
2023-07-13,2.1200,2.3200,1.9500,2.0300,15107805,SNAL
2023-07-12,1.6000,1.7000,1.5300,1.6500,75788,SNAL
2023-07-11,1.5800,1.5800,1.5800,1.5800,244,SNAL
2023-07-10,1.5900,1.6000,1.5800,1.5800,4227,SNAL
2023-07-07,1.5201,1.5998,1.5201,1.5700,2435,SNAL
2023-07-06,1.5100,1.5500,1.5100,1.5500,1873,SNAL
2023-07-05,1.5600,1.5600,1.5100,1.5600,7795,SNAL
2023-07-03,1.6300,1.6300,1.5200,1.5700,2899,SNAL
2023-06-30,1.6400,1.6400,1.5700,1.5898,4244,SNAL
2023-06-29,1.4800,1.6100,1.4800,1.5650,11643,SNAL
2023-06-28,1.5272,1.5800,1.5100,1.5700,5787,SNAL
2023-06-27,1.6606,1.6800,1.5400,1.6100,5795,SNAL
2023-06-26,1.5200,1.6500,1.5000,1.6200,19910,SNAL
2023-06-23,1.6100,1.6400,1.6000,1.6100,8353,SNAL
2023-06-22,1.6000,1.6400,1.5610,1.6300,5146,SNAL
2023-06-21,1.6300,1.6400,1.5900,1.6400,10099,SNAL
2023-06-20,1.5600,1.6300,1.5400,1.5800,8194,SNAL
2023-06-16,1.5400,1.6300,1.5100,1.6300,10455,SNAL
2023-06-15,1.5500,1.6100,1.5400,1.6050,2663,SNAL
2023-06-14,1.5600,1.6000,1.5600,1.5900,6029,SNAL
2023-06-13,1.5000,1.6400,1.5000,1.5900,11470,SNAL
2023-06-12,1.5700,1.5800,1.5101,1.5650,2288,SNAL
2023-06-09,1.6300,1.6300,1.5500,1.5500,3199,SNAL
2023-06-08,1.5600,1.5900,1.5600,1.5900,4732,SNAL
2023-06-07,1.5350,1.6400,1.5350,1.6400,4723,SNAL
2023-06-06,1.5900,1.5900,1.5650,1.5700,3573,SNAL
2023-06-05,1.6000,1.6000,1.4936,1.5900,17049,SNAL
2023-06-02,1.5900,1.7000,1.5700,1.6000,11248,SNAL
2023-06-01,1.6000,1.6000,1.5200,1.5700,7930,SNAL
2023-05-31,1.6000,1.6500,1.5000,1.6500,56130,SNAL
2023-05-30,1.4800,1.6500,1.4800,1.6500,8762,SNAL
2023-05-26,1.5100,1.6500,1.4672,1.6200,18751,SNAL
2023-05-25,1.5127,1.5900,1.4281,1.5500,10705,SNAL
2023-05-24,1.4800,1.6036,1.4800,1.5200,7121,SNAL
2023-05-23,1.4400,1.5300,1.4100,1.5200,5364,SNAL
2023-05-22,1.4700,1.6300,1.4600,1.4600,16144,SNAL
2023-05-19,1.5200,1.7000,1.4500,1.5200,67607,SNAL
2023-05-18,1.4600,1.5400,1.4400,1.4400,13413,SNAL
2023-05-17,1.4901,1.4901,1.4453,1.4501,3054,SNAL
2023-05-16,1.4900,1.5539,1.4400,1.4500,15912,SNAL
2023-05-15,1.4400,1.5300,1.4400,1.4650,4021,SNAL
2023-05-12,1.4100,1.4500,1.3826,1.4401,4721,SNAL
2023-05-11,1.6500,1.6926,1.3000,1.3900,30557,SNAL
2023-05-10,1.7400,1.8500,1.6000,1.7400,74862,SNAL
2023-05-09,1.4700,1.6773,1.4401,1.5700,52711,SNAL
2023-05-08,1.3100,1.5500,1.2750,1.4600,49000,SNAL
2023-05-05,1.3500,1.3500,1.2900,1.3000,6144,SNAL
2023-05-04,1.2800,1.3900,1.2800,1.2963,19262,SNAL
2023-05-03,1.3900,1.6382,1.2600,1.2900,117591,SNAL
2023-05-02,1.3400,1.3516,1.2200,1.2500,10850,SNAL
2023-05-01,1.3200,1.3500,1.2800,1.3200,19476,SNAL
2023-04-28,1.1700,1.2500,1.1500,1.2300,16224,SNAL
2023-04-27,1.1000,1.1290,1.0500,1.1290,13590,SNAL
2023-04-26,1.1360,1.1400,1.0900,1.0900,5178,SNAL
2023-04-25,1.2000,1.2000,1.1000,1.1300,15282,SNAL
2023-04-24,1.1800,1.1826,1.1000,1.1000,5206,SNAL
2023-04-21,1.1446,1.2299,1.0500,1.0710,11534,SNAL
2023-04-20,1.1100,1.1500,1.0600,1.0700,18654,SNAL
2023-04-19,1.1000,1.2500,1.0800,1.1300,38136,SNAL
2023-04-18,1.2500,1.2500,1.1015,1.1400,23358,SNAL
2023-04-17,1.3000,1.3000,1.2000,1.2300,20653,SNAL
2023-04-14,1.3802,1.4000,1.2457,1.3200,17381,SNAL
2023-04-13,1.1100,1.4000,1.1100,1.3900,56325,SNAL
2023-04-12,1.1600,1.1600,1.1100,1.1100,5480,SNAL
2023-04-11,1.2500,1.2500,1.1636,1.1750,5674,SNAL
2023-04-10,1.1400,1.2300,1.1400,1.2300,10446,SNAL
2023-04-06,1.1100,1.1500,1.1100,1.1111,8356,SNAL
2023-04-05,1.2200,1.2500,1.1100,1.1300,16782,SNAL
2023-04-04,1.2600,1.2843,1.2000,1.2000,9117,SNAL
2023-04-03,1.2400,1.3000,1.2400,1.2600,15898,SNAL
2023-03-31,1.3500,1.3500,1.3100,1.3300,5307,SNAL
2023-03-30,1.4000,1.4000,1.3100,1.3200,19463,SNAL
2023-03-29,1.4500,1.4633,1.3950,1.3950,6986,SNAL
2023-03-28,1.4301,1.4800,1.3900,1.3900,4595,SNAL
2023-03-27,1.4517,1.4800,1.3900,1.4300,14785,SNAL
2023-03-24,1.3501,1.4300,1.3501,1.3800,11121,SNAL
2023-03-23,1.3000,1.4000,1.3000,1.3500,17108,SNAL
2023-03-22,1.3900,1.4000,1.3500,1.3800,7326,SNAL
2023-03-21,1.3000,1.4100,1.3000,1.3300,16889,SNAL
2023-03-20,1.3100,1.5100,1.3100,1.3100,50090,SNAL
2023-03-17,1.3700,1.3966,1.3100,1.3200,12610,SNAL
2023-03-16,1.3200,1.4700,1.3100,1.3700,31911,SNAL
2023-03-15,1.4700,1.4700,1.3450,1.3800,11119,SNAL
2023-03-14,1.4287,1.4800,1.4000,1.4000,10857,SNAL
2023-03-13,1.4098,1.4300,1.4098,1.4100,3888,SNAL
2023-03-10,1.5020,1.5200,1.4000,1.4300,21476,SNAL
2023-03-09,1.5100,1.6200,1.4800,1.5200,11364,SNAL
2023-03-08,1.5300,1.5900,1.4500,1.4800,34349,SNAL
2023-03-07,1.5647,1.5900,1.5200,1.5200,11422,SNAL
2023-03-06,1.5800,1.6300,1.5600,1.5600,11205,SNAL
2023-03-03,1.7399,1.7399,1.5600,1.6000,17709,SNAL
2023-03-02,1.5700,1.6100,1.5600,1.6100,7339,SNAL
2023-03-01,1.5800,1.6100,1.5450,1.5900,10548,SNAL
2023-02-28,1.6500,1.6500,1.5600,1.5600,17664,SNAL
2023-02-27,1.5900,1.6350,1.5600,1.5800,17127,SNAL
2023-02-24,1.6500,1.6880,1.5500,1.5600,59614,SNAL
2023-02-23,1.6600,1.7704,1.6000,1.6700,123314,SNAL
2023-02-22,1.9100,1.9100,1.6100,1.6600,71795,SNAL
2023-02-21,2.1100,2.1100,1.6800,1.7600,116201,SNAL
2023-02-17,1.7495,2.0724,1.6600,2.0700,194389,SNAL
2023-02-16,1.6800,1.7899,1.6300,1.7200,36124,SNAL
2023-02-15,1.5700,1.8273,1.5700,1.7400,87047,SNAL
2023-02-14,1.6593,1.6593,1.5500,1.6100,15122,SNAL
2023-02-13,1.5971,1.6680,1.5900,1.5900,10489,SNAL
2023-02-10,1.6200,1.6200,1.5500,1.5800,17518,SNAL
2023-02-09,1.7600,1.7600,1.6350,1.6800,11795,SNAL
2023-02-08,1.6600,1.7600,1.6100,1.7400,24122,SNAL
2023-02-07,1.7100,1.7312,1.6200,1.6400,63974,SNAL
2023-02-06,1.7000,1.7500,1.7000,1.7200,55183,SNAL
2023-02-03,1.7100,1.7499,1.7000,1.7000,17737,SNAL
2023-02-02,1.7600,1.8000,1.6500,1.7000,90832,SNAL
2023-02-01,1.7100,1.7600,1.6100,1.7200,214398,SNAL
2023-01-31,1.7200,1.8300,1.5100,1.6000,170566,SNAL
2023-01-30,1.7400,1.7400,1.6900,1.7100,38286,SNAL
2023-01-27,1.6800,1.8000,1.6800,1.7100,76541,SNAL
2023-01-26,1.7200,1.7800,1.6700,1.7200,62495,SNAL
2023-01-25,1.7200,1.7500,1.7000,1.7200,17842,SNAL
2023-01-24,1.7500,1.7800,1.7000,1.7000,34065,SNAL
2023-01-23,1.8500,1.8500,1.7400,1.7600,36904,SNAL
2023-01-20,1.7800,1.9226,1.7400,1.8000,16320,SNAL
2023-01-19,1.8400,1.8400,1.7000,1.7400,13896,SNAL
2023-01-18,1.8900,1.9050,1.7200,1.7400,20176,SNAL
2023-01-17,1.9300,1.9300,1.7700,1.8300,49346,SNAL
2023-01-13,1.9000,1.9000,1.7000,1.7200,40775,SNAL
2023-01-12,1.4906,1.8100,1.4906,1.7100,156297,SNAL
2023-01-11,1.5700,1.5700,1.4700,1.4900,25371,SNAL
2023-01-10,1.5300,1.5400,1.4400,1.4600,43909,SNAL
2023-01-09,1.4600,1.5999,1.4600,1.4600,36196,SNAL
2023-01-06,1.5050,1.6200,1.4100,1.5100,35897,SNAL
2023-01-05,1.5100,1.5500,1.4300,1.4500,23497,SNAL
2023-01-04,1.3300,1.5473,1.3300,1.5020,43823,SNAL
2023-01-03,1.5500,1.6800,1.2601,1.3300,107389,SNAL
2022-12-30,1.4200,1.6588,1.4200,1.4700,38416,SNAL
2022-12-29,1.5000,1.5500,1.4500,1.5200,28890,SNAL
2022-12-28,1.2600,1.5459,1.2600,1.4700,112244,SNAL
2022-12-27,1.2800,1.3740,1.2800,1.3500,11627,SNAL
2022-12-23,1.4200,1.4931,1.2900,1.3000,36437,SNAL
2022-12-22,1.4600,1.5317,1.4000,1.4400,79302,SNAL
2022-12-21,1.5400,1.5999,1.4600,1.4600,57613,SNAL
2022-12-20,1.4900,1.6400,1.4300,1.4500,71442,SNAL
2022-12-19,1.4500,1.6052,1.4500,1.4500,46459,SNAL
2022-12-16,1.6000,1.7900,1.4400,1.4400,142459,SNAL
2022-12-15,1.8500,1.9100,1.7200,1.7400,54159,SNAL
2022-12-14,1.8500,1.9234,1.8001,1.8700,21780,SNAL
2022-12-13,2.1300,2.1300,1.7001,1.8000,179094,SNAL
2022-12-12,2.0200,2.1501,2.0200,2.0900,36014,SNAL
2022-12-09,2.2100,2.2600,2.0000,2.0000,144007,SNAL
2022-12-08,2.2800,2.3600,2.1500,2.1827,196147,SNAL
2022-12-07,2.2300,2.5923,2.1600,2.2600,425256,SNAL
2022-12-06,2.4553,2.4553,2.2200,2.2500,134652,SNAL
2022-12-05,2.6300,2.6300,2.4300,2.4900,43155,SNAL
2022-12-02,2.5600,2.5899,2.4109,2.5700,22633,SNAL
2022-12-01,2.6900,2.6900,2.4500,2.5900,66870,SNAL
2022-11-30,2.6500,2.6538,2.2500,2.6000,189363,SNAL
2022-11-29,2.5880,2.7350,2.5800,2.6500,126481,SNAL
2022-11-28,2.7400,2.8156,2.5000,2.5600,110440,SNAL
2022-11-25,2.8500,2.9000,2.7000,2.8400,30562,SNAL
2022-11-23,2.9600,3.5599,2.8100,2.8500,1305331,SNAL
2022-11-22,3.1000,3.1200,2.8601,2.9200,179207,SNAL
2022-11-21,3.0300,3.2100,3.0300,3.0850,192996,SNAL
2022-11-18,3.1300,3.2900,3.0370,3.0400,230979,SNAL
2022-11-17,2.9200,3.3200,2.9000,3.0500,336483,SNAL
2022-11-16,3.2501,3.3725,2.9800,3.0900,410805,SNAL
2022-11-15,3.1700,3.5684,3.1619,3.3500,920417,SNAL
2022-11-14,2.6600,3.5000,2.6100,3.3700,1841289,SNAL
2022-11-11,4.2000,4.3600,2.9200,3.0000,20072479,SNAL
2022-11-10,2.2000,2.8100,1.6400,2.2500,3613353,SNAL
2023-10-20,1.4000,1.4000,1.2700,1.2700,10514,NA
2023-10-19,1.2900,1.3400,1.2900,1.3400,1037,NA
2023-10-18,1.2900,1.4000,1.2900,1.4000,22856,NA
2023-10-17,1.3362,1.4100,1.3244,1.4000,17842,NA
2023-10-16,1.2800,1.4000,1.2300,1.3400,56553,NA
2023-10-13,1.2000,1.3154,1.1700,1.1700,5877,NA
2023-10-12,1.2800,1.3700,1.1700,1.1700,13290,NA
2023-10-11,1.3400,1.4200,1.3000,1.3000,5936,NA
2023-10-10,1.3800,1.4294,1.2900,1.3800,119819,NA
2023-10-09,1.4000,1.4500,1.2000,1.4100,44052,NA
2023-10-06,1.3008,1.3008,1.2100,1.2200,10832,NA
2023-10-05,1.2600,1.4000,1.2101,1.2600,23528,NA
2023-10-04,1.3340,1.4100,1.2250,1.4000,6223,NA
2023-10-03,1.4200,1.4500,1.2601,1.3900,94848,NA
2023-10-02,1.2600,1.4200,1.2000,1.4200,25466,NA
2023-09-29,1.3500,1.3800,1.2601,1.2601,26934,NA
2023-09-28,1.2300,1.4200,1.1501,1.3800,74059,NA
2023-09-27,1.2000,1.2700,1.1850,1.2700,79454,NA
2023-09-26,1.0700,1.2000,1.0700,1.1584,96237,NA
2023-09-25,1.1100,1.2000,1.1100,1.1200,6599,NA
2023-09-22,1.1900,1.2200,1.1319,1.2000,44578,NA
2023-09-21,1.1398,1.1900,1.0500,1.1500,107961,NA
2023-09-20,1.1500,1.2000,1.0600,1.1600,51824,NA
2023-09-19,1.1300,1.1500,1.1000,1.1000,7786,NA
2023-09-18,1.1800,1.1800,1.1172,1.1500,9762,NA
2023-09-15,1.1200,1.1816,1.0900,1.1211,57777,NA
2023-09-14,1.1300,1.2897,1.0900,1.1400,148959,NA
2023-09-13,1.1400,1.1600,1.0850,1.1500,31079,NA
2023-09-12,1.1000,1.1599,1.0500,1.0900,36333,NA
2023-09-11,1.2500,1.2500,1.0200,1.0200,60536,NA
2023-09-08,1.1600,1.2700,1.1200,1.2700,79395,NA
2023-09-07,1.1000,1.1818,1.0300,1.1401,81024,NA
2023-09-06,1.0301,1.0800,1.0300,1.0522,29979,NA
2023-09-05,1.0400,1.0500,1.0200,1.0500,15935,NA
2023-09-01,1.0302,1.0798,1.0300,1.0400,13985,NA
2023-08-31,1.0600,1.0875,1.0500,1.0500,34638,NA
2023-08-30,1.0400,1.0700,1.0300,1.0700,23493,NA
2023-08-29,1.0300,1.1046,0.9951,1.0400,113141,NA
2023-08-28,1.0500,1.1000,1.0200,1.0400,41633,NA
2023-08-25,1.0300,1.1200,1.0100,1.0300,73902,NA
2023-08-24,1.0887,1.0900,1.0500,1.0500,23960,NA
2023-08-23,1.0534,1.1400,1.0100,1.0300,67129,NA
2023-08-22,1.0900,1.1600,1.0400,1.0400,83339,NA
2023-08-21,1.1380,1.1397,1.0500,1.0500,59004,NA
2023-08-18,1.0500,1.1400,1.0500,1.0800,15290,NA
2023-08-17,1.0600,1.1107,1.0500,1.0700,22881,NA
2023-08-16,1.1300,1.1509,1.0500,1.0600,71979,NA
2023-08-15,1.2900,1.2900,1.0800,1.2000,48646,NA
2023-08-14,1.1900,1.3281,1.1400,1.2900,81631,NA
2023-08-11,1.3500,1.3500,1.1900,1.2200,100370,NA
2023-08-10,1.3300,1.3944,1.2800,1.2800,34031,NA
2023-08-09,1.3500,1.4200,1.3100,1.3297,39139,NA
2023-08-08,1.2500,1.4600,1.2500,1.3800,117427,NA
2023-08-07,1.4100,1.4400,1.3000,1.3000,83106,NA
2023-08-04,1.4800,1.5200,1.3800,1.4400,124090,NA
2023-08-03,1.6700,1.6700,1.4000,1.4400,56694,NA
2023-08-02,1.5700,1.6000,1.3800,1.4600,124651,NA
2023-08-01,1.4100,1.6700,1.4100,1.6000,123532,NA
2023-07-31,1.6012,1.8500,1.3500,1.4700,1084653,NA
2023-07-28,1.4509,1.4944,1.4100,1.4300,131592,NA
2023-07-27,1.5700,1.5900,1.4000,1.4000,49088,NA
2023-07-26,1.5800,1.6400,1.5100,1.5500,61257,NA
2023-07-25,1.5400,1.6647,1.5400,1.6167,14103,NA
2023-07-24,1.6500,1.6809,1.5200,1.5300,24848,NA
2023-07-21,1.6700,1.6700,1.5600,1.6200,70342,NA
2023-07-20,1.6900,1.7200,1.6900,1.7050,11246,NA
2023-07-19,1.7600,1.8000,1.6500,1.6900,156719,NA
2023-07-18,1.8000,1.8800,1.7700,1.8100,27305,NA
2023-07-17,1.6800,1.8450,1.6800,1.8450,34833,NA
2023-07-14,1.8200,1.8212,1.6001,1.6872,70883,NA
2023-07-13,1.8000,1.9354,1.7200,1.7600,190703,NA
2023-07-12,1.9400,1.9900,1.8500,1.8600,69307,NA
2023-07-11,1.8700,1.9581,1.8500,1.9000,28076,NA
2023-07-10,2.0000,2.0300,1.8000,1.8000,63619,NA
2023-07-07,1.9800,2.1300,1.8003,1.8700,93202,NA
2023-07-06,2.1100,2.1564,1.9500,1.9600,117692,NA
2023-07-05,2.0300,2.2000,1.9000,2.1000,177001,NA
2023-07-03,1.9800,2.0400,1.9800,2.0300,13825,NA
2023-06-30,2.1000,2.1000,1.8700,1.9700,141746,NA
2023-06-29,2.0280,2.1000,1.9300,1.9500,55011,NA
2023-06-28,2.0600,2.1510,1.9500,2.0300,94313,NA
2023-06-27,2.0000,2.0700,1.8700,2.0550,88568,NA
2023-06-26,1.8444,2.1000,1.8300,1.9200,119173,NA
2023-06-23,1.9000,1.9275,1.8111,1.8400,12003,NA
2023-06-22,1.8100,1.9900,1.8100,1.9900,31596,NA
2023-06-21,2.0400,2.0400,1.8100,1.9000,57689,NA
2023-06-20,2.2000,2.2400,2.0100,2.0400,76409,NA
2023-06-16,2.3300,2.4400,2.1700,2.1700,96775,NA
2023-06-15,2.4600,2.5400,2.1100,2.3000,222234,NA
2023-06-14,2.5400,2.6500,2.4500,2.5450,72548,NA
2023-06-13,2.5900,2.7500,2.4100,2.5750,98551,NA
2023-06-12,2.5400,2.5900,2.3400,2.5900,165671,NA
2023-06-09,2.8200,2.8500,2.4000,2.7000,328532,NA
2023-06-08,2.1000,2.9500,2.1000,2.7200,1229378,NA
2023-06-07,2.0600,2.1600,2.0300,2.1600,138430,NA
2023-06-06,2.1800,2.2100,2.0000,2.0900,171334,NA
2023-06-05,2.1700,2.4000,1.9700,2.1500,353896,NA
2023-06-02,2.2200,2.2500,2.0000,2.1500,274023,NA
2023-06-01,1.9500,2.2200,1.9100,2.0800,421288,NA
2023-05-31,2.1600,2.4100,2.0400,2.1200,476087,NA
2023-05-30,2.1300,2.4900,2.1000,2.4499,788500,NA
2023-05-26,1.9500,2.3800,1.8500,2.3500,1152054,NA
2023-05-25,2.0700,2.9700,1.8700,2.3700,24848173,NA
2023-05-24,1.4300,1.4500,1.3001,1.4500,166291,NA
2023-05-23,1.5800,1.5800,1.3350,1.4100,30882,NA
2023-05-22,1.4000,1.5100,1.3600,1.3600,60011,NA
2023-05-19,1.4900,1.6400,1.3000,1.5399,192999,NA
2023-05-18,1.2300,1.4700,1.2200,1.4600,166714,NA
2023-05-17,1.1600,1.2400,1.1300,1.2399,33461,NA
2023-05-16,1.2000,1.3400,1.1100,1.1201,98544,NA
2023-05-15,1.2300,1.5600,1.0900,1.3300,737767,NA
2023-05-12,1.0100,1.1199,1.0100,1.1137,137841,NA
2023-05-11,1.1100,1.1100,1.0500,1.0900,7190,NA
2023-05-10,1.0800,1.1050,1.0800,1.1050,11343,NA
2023-05-09,1.0798,1.1000,1.0600,1.1000,13451,NA
2023-05-08,1.0400,1.0800,0.9701,1.0700,51478,NA
2023-05-05,1.0500,1.1000,1.0400,1.0850,18448,NA
2023-05-04,1.0800,1.0900,1.0496,1.0900,10583,NA
2023-05-03,1.1000,1.1299,1.0600,1.0600,46254,NA
2023-05-02,1.2000,1.3700,1.0400,1.1300,578436,NA
2023-05-01,1.0300,1.3500,1.0300,1.2600,257486,NA
2023-04-28,1.0900,1.1200,1.0331,1.0973,24648,NA
2023-04-27,1.0600,1.0685,1.0400,1.0400,6281,NA
2023-04-26,1.0400,1.0650,1.0315,1.0650,8704,NA
2023-04-25,1.1000,1.1000,1.0400,1.0800,7771,NA
2023-04-24,1.0800,1.0950,1.0700,1.0950,6022,NA
2023-04-21,1.1400,1.1400,1.0800,1.0800,2925,NA
2023-04-20,1.1100,1.1100,1.1100,1.1100,366,NA
2023-04-19,1.1086,1.1100,1.1073,1.1100,13629,NA
2023-04-18,1.1000,1.1499,1.1000,1.1400,9648,NA
2023-04-17,1.1400,1.1400,1.1000,1.1300,6431,NA
2023-04-14,1.1000,1.1500,1.0901,1.1173,22261,NA
2023-04-13,1.1150,1.2400,1.0815,1.1273,83300,NA
2023-04-12,1.1000,1.1400,1.0800,1.0800,4895,NA
2023-04-11,1.0700,1.1200,1.0300,1.0800,3788,NA
2023-04-10,1.0900,1.1235,1.0700,1.0800,13459,NA
2023-04-06,1.0900,1.1300,1.0600,1.0700,6092,NA
2023-04-05,1.1000,1.1000,1.0800,1.0800,3770,NA
2023-04-04,1.1100,1.1100,1.0800,1.0800,11305,NA
2023-04-03,1.1500,1.1500,1.0600,1.0600,6292,NA
2023-03-31,1.0834,1.1300,1.0323,1.0400,36229,NA
2023-03-30,1.0700,1.0700,1.0200,1.0700,15493,NA
2023-03-29,1.0923,1.0923,1.0400,1.0400,4358,NA
2023-03-28,1.0400,1.1400,1.0000,1.0400,80913,NA
2023-03-27,1.0400,1.0486,1.0300,1.0300,4945,NA
2023-03-24,1.1000,1.1100,1.0000,1.0700,13380,NA
2023-03-23,1.0500,1.1500,1.0500,1.0950,15953,NA
2023-03-22,1.0600,1.1300,1.0360,1.1300,8157,NA
2023-03-21,1.1106,1.1500,1.0600,1.0600,25852,NA
2023-03-20,1.0000,1.0750,0.9801,1.0100,15708,NA
2023-03-17,1.0300,1.0600,1.0100,1.0100,7622,NA
2023-03-16,1.0400,1.0400,1.0012,1.0051,9981,NA
2023-03-15,1.0299,1.0300,1.0250,1.0300,2722,NA
2023-03-14,1.0900,1.1122,1.0100,1.0500,43992,NA
2023-03-13,1.0900,1.1400,1.0900,1.1400,10184,NA
2023-03-10,1.0700,1.0800,1.0500,1.0600,17297,NA
2023-03-09,1.1500,1.1500,1.1100,1.1100,9572,NA
2023-03-08,1.1300,1.1700,1.1300,1.1301,9323,NA
2023-03-07,1.1600,1.1900,1.1100,1.1200,50006,NA
2023-03-06,1.2800,1.2800,1.1260,1.1501,16614,NA
2023-03-03,1.2200,1.2207,1.1750,1.2100,6596,NA
2023-03-02,1.1300,1.2500,1.1300,1.2000,28566,NA
2023-03-01,1.2700,1.2700,1.1500,1.1559,17879,NA
2023-02-28,1.1500,1.1500,1.1500,1.1500,623,NA
2023-02-27,1.1700,1.2450,1.1300,1.1500,27543,NA
2023-02-24,1.2000,1.2500,1.1600,1.1883,26718,NA
2023-02-23,1.3300,1.3300,1.2224,1.2600,30795,NA
2023-02-22,1.2501,1.3594,1.2500,1.3100,20791,NA
2023-02-21,1.2500,1.3600,1.2500,1.2850,20516,NA
2023-02-17,1.3500,1.3500,1.2550,1.3200,24375,NA
2023-02-16,1.3700,1.3700,1.3400,1.3600,2562,NA
2023-02-15,1.2715,1.3700,1.2715,1.3600,11325,NA
2023-02-14,1.3200,1.3300,1.2900,1.3200,44547,NA
2023-02-13,1.2500,1.3200,1.1901,1.3200,50308,NA
2023-02-10,1.2800,1.2800,1.1500,1.2200,30082,NA
2023-02-09,1.3200,1.3965,1.2300,1.2800,81060,NA
2023-02-08,1.4300,1.4300,1.3500,1.3850,23599,NA
2023-02-07,1.5400,1.5400,1.3800,1.4320,28647,NA
2023-02-06,1.3700,1.4999,1.3700,1.4831,49605,NA
2023-02-03,1.3600,1.3900,1.3399,1.3600,80081,NA
2023-02-02,1.3050,1.3800,1.3050,1.3600,54463,NA
2023-02-01,1.3600,1.3627,1.2900,1.3469,95199,NA
2023-01-31,1.3100,1.3798,1.3027,1.3400,41752,NA
2023-01-30,1.3850,1.4000,1.3400,1.3501,77918,NA
2023-01-27,1.3300,1.4200,1.3100,1.3100,22173,NA
2023-01-26,1.5101,1.5104,1.2704,1.3500,117247,NA
2023-01-25,1.5800,1.5900,1.4300,1.4900,95679,NA
2023-01-24,1.7500,1.7500,1.5103,1.6000,36490,NA
2023-01-23,1.6301,1.7175,1.5100,1.7000,127520,NA
2023-01-20,1.5200,1.6500,1.5100,1.5900,71227,NA
2023-01-19,1.5800,1.6000,1.5000,1.5100,62658,NA
2023-01-18,1.6000,1.7200,1.5000,1.5300,193794,NA
2023-01-17,1.4100,1.7400,1.4100,1.6400,855860,NA
2023-01-13,1.2901,1.4000,1.2600,1.4000,142856,NA
2023-01-12,1.2600,1.2900,1.1600,1.2900,102860,NA
2023-01-11,1.2150,1.2599,1.1800,1.2300,55961,NA
2023-01-10,1.2600,1.2600,1.1200,1.2100,23154,NA
2023-01-09,1.1100,1.2101,1.0900,1.1800,72411,NA
2023-01-06,1.2000,1.3300,1.0300,1.0900,150065,NA
2023-01-05,1.1899,1.3300,1.1600,1.2800,175336,NA
2023-01-04,1.1710,1.1808,1.1000,1.1800,16258,NA
2023-01-03,1.1500,1.1900,1.1000,1.1740,24941,NA
2022-12-30,1.0399,1.1600,1.0247,1.1500,101203,NA
2022-12-29,1.0500,1.0500,0.9900,0.9900,55454,NA
2022-12-28,1.0500,1.0501,0.9902,1.0000,70532,NA
2022-12-27,1.0500,1.0900,1.0400,1.0400,66155,NA
2022-12-23,0.9740,1.1200,0.9200,1.0600,98547,NA
2022-12-22,1.0600,1.0700,0.9300,1.0200,46116,NA
2022-12-21,1.0100,1.0800,1.0100,1.0788,24805,NA
2022-12-20,0.9600,1.0700,0.9600,1.0000,24344,NA
2022-12-19,1.0200,1.0500,0.9400,0.9600,51998,NA
2022-12-16,1.0200,1.0500,0.9234,0.9234,76948,NA
2022-12-15,1.0800,1.0800,1.0200,1.0200,49645,NA
2022-12-14,1.0801,1.1180,1.0200,1.0500,40973,NA
2022-12-13,1.1700,1.1700,1.0200,1.0600,103630,NA
2022-12-12,1.1400,1.1800,1.0743,1.1200,34923,NA
2022-12-09,1.1000,1.2000,1.0800,1.1200,42839,NA
2022-12-08,1.1625,1.2400,1.0800,1.1001,30841,NA
2022-12-07,1.1382,1.1382,1.0000,1.0000,40942,NA
2022-12-06,1.2000,1.2100,1.1100,1.1393,42331,NA
2022-12-05,1.1390,1.2900,1.0800,1.2500,62682,NA
2022-12-02,1.0900,1.1300,1.0700,1.0999,35686,NA
2022-12-01,1.2600,1.2600,1.0500,1.1000,42179,NA
2022-11-30,1.2000,1.2500,1.1000,1.1200,25963,NA
2022-11-29,1.2100,1.2100,1.1500,1.2000,14170,NA
2022-11-28,1.2399,1.2690,1.1200,1.2200,29809,NA
2022-11-25,1.2400,1.2400,1.1300,1.2400,5838,NA
2022-11-23,1.2152,1.2856,1.2100,1.2512,16022,NA
2022-11-22,1.3140,1.3140,1.1300,1.2050,46575,NA
2022-11-21,1.2700,1.3990,1.2700,1.2897,39342,NA
2022-11-18,1.5200,1.5200,1.2100,1.4128,61558,NA
2022-11-17,1.4300,1.6800,1.4300,1.4400,284101,NA
2022-11-16,1.4100,1.4500,1.3200,1.4000,57948,NA
2022-11-15,1.3200,1.4001,1.2900,1.4000,64254,NA
2022-11-14,1.2700,1.3300,1.2600,1.3000,30063,NA
2022-11-11,1.2000,1.3199,1.1600,1.2900,149733,NA
2022-11-10,1.0900,1.1900,1.0400,1.1700,157714,NA
2022-11-09,1.1200,1.1439,0.9799,0.9800,70129,NA
2022-11-08,1.1700,1.2200,1.1200,1.1200,73455,NA
2022-11-07,1.1800,1.2100,1.1300,1.1800,87508,NA
2022-11-04,1.1200,1.1800,1.1200,1.1200,50224,NA
2022-11-03,1.1858,1.2057,1.1000,1.1000,65688,NA
2022-11-02,1.2400,1.2436,1.1500,1.1500,51334,NA
2022-11-01,1.2302,1.2700,1.1900,1.2100,63210,NA
2022-10-31,1.2900,1.2900,1.2100,1.2100,25563,NA
2022-10-28,1.3000,1.3000,1.2200,1.2800,34677,NA
2022-10-27,1.1700,1.2900,1.1700,1.2600,88408,NA
2022-10-26,1.1000,1.2708,1.1000,1.2200,108317,NA
2022-10-25,1.0600,1.1400,1.0600,1.1400,55352,NA
2022-10-24,1.1500,1.1700,1.0104,1.0700,157769,NA
2022-10-21,1.1200,1.2500,1.1200,1.1900,262230,NA
2022-10-20,1.2264,1.2820,1.1400,1.1500,169556,NA
2022-10-19,1.3400,1.3431,1.2200,1.2200,55559,NA
2022-10-18,1.3500,1.3600,1.2900,1.3600,26030,NA
2022-10-17,1.3000,1.3600,1.2800,1.3600,44718,NA
2022-10-14,1.3450,1.3573,1.2600,1.2900,179925,NA
2022-10-13,1.2000,1.3350,1.1800,1.3350,87317,NA
2022-10-12,1.3000,1.3200,1.2500,1.2800,58918,NA
2022-10-11,1.3400,1.3900,1.2700,1.2800,143656,NA
2022-10-10,1.5300,1.5400,1.3100,1.3300,199358,NA
2022-10-07,1.6100,1.6538,1.5500,1.5700,45516,NA
2022-10-06,1.6300,1.6800,1.6100,1.6400,89089,NA
2022-10-05,1.6600,1.7300,1.6300,1.6600,86863,NA
2022-10-04,1.6900,1.7900,1.6500,1.7700,128331,NA
2022-10-03,1.5800,1.7500,1.5700,1.7500,248688,NA
2022-09-30,1.7100,1.7212,1.5500,1.6100,235695,NA
2022-09-29,2.0000,2.0300,1.6500,1.7300,381978,NA
2022-09-28,2.2300,2.2500,1.9100,2.1000,1588140,NA
2022-09-27,3.9600,4.1500,3.0800,3.1800,263794,NA
2022-09-26,3.8600,4.0717,3.6500,3.7780,150410,NA
2022-09-23,3.8600,4.3250,3.7000,3.9664,140159,NA
2022-09-22,4.7600,4.7620,3.7400,3.8954,226981,NA
2022-09-21,5.0000,5.1000,4.7000,4.8600,50081,NA
2022-09-20,5.1100,5.3607,4.8440,5.0972,58033,NA
2022-09-19,5.4600,5.5500,4.8000,5.2900,62639,NA
2022-09-16,4.2400,5.7400,4.2400,5.5600,244496,NA
2022-09-15,5.0300,5.0300,4.4200,4.6447,103858,NA
2022-09-14,4.4200,4.8600,4.3515,4.8500,132117,NA
2022-09-13,4.4800,4.7700,4.0700,4.4200,79335,NA
2022-09-12,4.2000,4.4767,3.9100,4.3001,140964,NA
2022-09-09,3.9700,4.1900,3.5700,4.0400,133694,NA
2022-09-08,3.8403,4.1600,3.8100,4.0600,52195,NA
2022-09-07,3.8100,4.2100,3.6600,3.9300,85070,NA
2022-09-06,4.4700,4.5848,3.8000,4.0400,201986,NA
2022-09-02,4.7000,6.9500,4.4300,4.4700,3932664,NA
2022-09-01,4.8600,5.0000,4.1400,4.4900,49676,NA
2022-08-31,5.1320,5.4300,4.8000,4.8501,43130,NA
2022-08-30,5.1818,5.6461,5.0300,5.1100,52601,NA
2022-08-29,5.3900,5.7799,5.0600,5.2700,24757,NA
2022-08-26,5.2000,5.7900,5.2000,5.3000,55141,NA
2022-08-25,5.2900,5.5577,5.2800,5.3900,16505,NA
2022-08-24,5.4400,5.5000,5.2312,5.2800,14590,NA
2022-08-23,5.7200,5.8300,5.4000,5.4500,53853,NA
2022-08-22,6.1000,6.1500,5.6800,5.8350,64160,NA
2022-08-19,6.3200,6.3201,6.0000,6.0500,35267,NA
2022-08-18,6.5600,6.6540,6.2300,6.5500,31696,NA
2022-08-17,6.4700,6.7200,6.3208,6.6900,34451,NA
2022-08-16,6.5400,6.8497,6.2400,6.4700,70401,NA
2022-08-15,6.1100,6.5698,6.1100,6.5400,36250,NA
2022-08-12,6.5300,6.6899,6.2593,6.3700,32323,NA
2022-08-11,6.4000,6.8700,6.1515,6.4700,74767,NA
2022-08-10,6.1000,6.6799,6.1000,6.4000,75234,NA
2022-08-09,6.1900,6.6500,6.1250,6.1400,79902,NA
2022-08-08,7.2000,7.2500,6.1331,6.3350,178444,NA
2022-08-05,6.8000,7.8999,6.8000,7.0900,406829,NA
2022-08-04,7.8300,7.8300,7.0000,7.1200,91143,NA
2022-08-03,9.2200,9.9000,6.8000,7.1500,291867,NA
2022-08-02,11.5300,13.9500,8.0700,9.2000,978108,NA
2022-08-01,9.4200,11.1930,9.1300,10.8700,434914,NA
2022-07-29,7.8100,12.4899,7.3501,9.6200,858151,NA
2022-07-28,8.9700,9.2050,7.0070,7.8000,185673,NA
2022-07-27,9.5900,10.5000,8.8000,8.9000,176985,NA
2022-07-26,9.6000,11.3524,8.8700,9.2500,328723,NA
2022-07-25,7.1000,13.0000,7.0100,10.5600,4532543,NA
2022-07-22,7.9100,7.9100,6.6877,6.7900,37733,NA
2022-07-21,7.7000,8.0000,7.0800,8.0000,28176,NA
2022-07-20,6.5400,8.3000,6.3300,7.7300,190910,NA
2022-07-19,6.7200,7.5145,6.7100,7.4200,39218,NA
2022-07-18,6.4500,8.4900,6.3000,6.7000,69408,NA
2022-07-15,7.6400,7.8200,6.8000,6.8000,46992,NA
2022-07-14,8.0100,8.2599,6.3208,7.3500,134129,NA
2022-07-13,9.7700,12.0000,8.8000,8.8000,264442,NA
2022-07-12,7.6100,13.4000,7.5100,12.0500,1486813,NA
