day,closingPrice,salesVolume,company
2023-11-03,10.7900,655003,GCT
2023-11-02,10.6000,551432,GCT
2023-11-01,9.9200,869370,GCT
2023-10-31,9.4700,1290602,GCT
2023-10-30,8.8900,452530,GCT
2023-10-27,8.2200,305129,GCT
2023-10-26,8.4000,231729,GCT
2023-10-25,8.3000,380229,GCT
2023-10-24,8.4800,424212,GCT
2023-10-23,8.3000,321795,GCT
2023-10-20,8.5500,644715,GCT
2023-10-19,8.6600,388651,GCT
2023-10-18,8.6000,613210,GCT
2023-10-17,9.2100,533771,GCT
2023-10-16,9.0300,518090,GCT
2023-10-13,8.6900,476329,GCT
2023-10-12,9.1900,329084,GCT
2023-10-11,8.7700,427515,GCT
2023-10-10,9.0700,1266355,GCT
2023-10-09,9.9600,514556,GCT
2023-10-06,8.6700,453030,GCT
2023-10-05,8.5000,568259,GCT
2023-10-04,8.9400,262647,GCT
2023-10-03,8.9600,713480,GCT
2023-10-02,9.0400,803486,GCT
2023-09-29,8.8100,2503003,GCT
2023-09-28,7.6900,4802588,GCT
2023-09-27,9.4700,650876,GCT
2023-09-26,9.4900,531015,GCT
2023-09-25,9.8900,682249,GCT
2023-09-22,9.2500,725289,GCT
2023-09-21,9.8100,829953,GCT
2023-09-20,10.6200,1249754,GCT
2023-09-19,10.5200,1296685,GCT
2023-09-18,10.0000,1968144,GCT
2023-09-15,11.4500,690673,GCT
2023-09-14,11.9300,2000091,GCT
2023-09-13,12.2100,3563149,GCT
2023-09-12,13.2500,3370977,GCT
2023-09-11,17.7300,2921524,GCT
2023-09-08,16.4000,1722353,GCT
2023-09-07,14.7700,861157,GCT
2023-09-06,14.1500,1451029,GCT
2023-09-05,14.4900,878194,GCT
2023-09-01,13.5800,581644,GCT
2023-08-31,12.5100,347645,GCT
2023-08-30,12.6600,476078,GCT
2023-08-29,12.2500,338892,GCT
2023-08-28,11.6000,655305,GCT
2023-08-25,12.0900,455026,GCT
2023-08-24,12.3000,404367,GCT
2023-08-23,12.6600,721573,GCT
2023-08-22,12.9600,892223,GCT
2023-08-21,12.5900,936378,GCT
2023-08-18,11.5400,708388,GCT
2023-08-17,11.8900,856351,GCT
2023-08-16,11.5900,2483640,GCT
2023-08-15,10.1400,782106,GCT
2023-08-14,10.3200,424513,GCT
2023-08-11,10.7200,280468,GCT
2023-08-10,10.6300,320560,GCT
2023-08-09,10.3900,819948,GCT
2023-08-08,9.7300,368574,GCT
2023-08-07,9.2400,294878,GCT
2023-08-04,9.0800,272931,GCT
2023-08-03,9.4000,357986,GCT
2023-08-02,8.8400,219914,GCT
2023-08-01,9.0000,430680,GCT
2023-07-31,8.7400,276889,GCT
2023-07-28,8.4700,157109,GCT
2023-07-27,8.2900,244632,GCT
2023-07-26,8.5400,235145,GCT
2023-07-25,8.1800,302605,GCT
2023-07-24,8.5100,569954,GCT
2023-07-21,8.7000,276897,GCT
2023-07-20,8.3200,165178,GCT
2023-07-19,8.8500,355617,GCT
2023-07-18,8.2500,213704,GCT
2023-07-17,8.2000,496828,GCT
2023-07-14,7.7500,666826,GCT
2023-07-13,8.0600,775764,GCT
2023-07-12,7.5700,289721,GCT
2023-07-11,7.0800,252252,GCT
2023-07-10,7.3600,248562,GCT
2023-07-07,7.1300,313454,GCT
2023-07-06,7.3900,298419,GCT
2023-07-05,7.4000,284705,GCT
2023-07-03,7.1500,205364,GCT
2023-06-30,6.7600,437766,GCT
2023-06-29,7.5000,176420,GCT
2023-06-28,7.6600,180887,GCT
2023-06-27,7.8400,263927,GCT
2023-06-26,7.7800,134588,GCT
2023-06-23,7.7900,143746,GCT
2023-06-22,7.8000,121051,GCT
2023-06-21,7.5600,210097,GCT
2023-06-20,7.6500,486746,GCT
2023-06-16,8.0800,662065,GCT
2023-06-15,7.8400,304851,GCT
2023-06-14,7.8000,2701424,GCT
2023-06-13,7.5000,404664,GCT
2023-06-12,7.5000,846057,GCT
2023-06-09,6.9800,310576,GCT
2023-06-08,7.0000,470926,GCT
2023-06-07,7.0000,654167,GCT
2023-06-06,6.8000,325018,GCT
2023-06-05,6.7800,420370,GCT
2023-06-02,6.7800,772701,GCT
2023-06-01,6.6800,459323,GCT
2023-05-31,6.7500,528135,GCT
2023-05-30,6.7600,1507811,GCT
2023-05-26,6.4500,5395814,GCT
2023-05-25,5.7900,2318215,GCT
2023-05-24,7.1600,31940023,GCT
2023-05-23,5.6600,138300,GCT
2023-05-22,5.4650,49459,GCT
2023-05-19,5.2700,19110,GCT
2023-05-18,5.2900,73882,GCT
2023-05-17,5.3200,29285,GCT
2023-05-16,5.2700,55477,GCT
2023-05-15,5.5000,74199,GCT
2023-05-12,5.2400,42792,GCT
2023-05-11,5.2400,110254,GCT
2023-05-10,5.4200,68042,GCT
2023-05-09,5.2950,90546,GCT
2023-05-08,5.2600,61805,GCT
2023-05-05,5.0500,145870,GCT
2023-05-04,5.2600,94155,GCT
2023-05-03,5.1800,22169,GCT
2023-05-02,5.1800,164972,GCT
2023-05-01,5.5800,122328,GCT
2023-04-28,5.5300,547077,GCT
2023-04-27,5.0100,75253,GCT
2023-04-26,5.1500,67185,GCT
2023-04-25,5.3000,36045,GCT
2023-04-24,5.3000,54624,GCT
2023-04-21,5.2600,50244,GCT
2023-04-20,5.3000,51735,GCT
2023-04-19,5.3000,97049,GCT
2023-04-18,5.5800,85825,GCT
2023-04-17,5.6000,57512,GCT
2023-04-14,5.5600,99967,GCT
2023-04-13,5.9000,39809,GCT
2023-04-12,5.9400,70208,GCT
2023-04-11,6.2200,111182,GCT
2023-04-10,5.7200,49006,GCT
2023-04-06,5.6300,56112,GCT
2023-04-05,5.7200,87586,GCT
2023-04-04,6.0000,89657,GCT
2023-04-03,6.4200,73913,GCT
2023-03-31,6.3000,136823,GCT
2023-03-30,6.0300,226917,GCT
2023-03-29,5.5700,94325,GCT
2023-03-28,5.3500,82630,GCT
2023-03-27,5.4400,150344,GCT
2023-03-24,5.2100,180176,GCT
2023-03-23,5.1400,162230,GCT
2023-03-22,5.0900,117764,GCT
2023-03-21,5.1500,121181,GCT
2023-03-20,5.0400,99641,GCT
2023-03-17,5.2700,1580200,GCT
2023-03-16,5.8900,221218,GCT
2023-03-15,5.8000,335468,GCT
2023-03-14,5.1000,112803,GCT
2023-03-13,5.2200,159016,GCT
2023-03-10,4.9000,265305,GCT
2023-03-09,4.8800,144359,GCT
2023-03-08,4.9500,141456,GCT
2023-03-07,4.9600,123099,GCT
2023-03-06,4.9500,133463,GCT
2023-03-03,4.9700,159906,GCT
2023-03-02,4.9300,112585,GCT
2023-03-01,5.0000,210499,GCT
2023-02-28,5.0600,217748,GCT
2023-02-27,5.1200,238211,GCT
2023-02-24,5.0100,99567,GCT
2023-02-23,5.0500,82838,GCT
2023-02-22,5.1600,56167,GCT
2023-02-21,5.1200,100831,GCT
2023-02-17,5.3400,53448,GCT
2023-02-16,5.2900,81316,GCT
2023-02-15,5.4200,183494,GCT
2023-02-14,5.1000,131039,GCT
2023-02-13,5.0100,90075,GCT
2023-02-10,4.9400,255047,GCT
2023-02-09,5.2600,67548,GCT
2023-02-08,5.3500,89568,GCT
2023-02-07,5.4300,127492,GCT
2023-02-06,5.5200,232500,GCT
2023-02-03,5.8400,147164,GCT
2023-02-02,5.9100,178729,GCT
2023-02-01,5.8400,225794,GCT
2023-01-31,5.8500,163702,GCT
2023-01-30,5.5900,151430,GCT
2023-01-27,5.9400,170185,GCT
2023-01-26,5.7900,138791,GCT
2023-01-25,5.7800,131523,GCT
2023-01-24,5.8600,157681,GCT
2023-01-23,6.0800,134069,GCT
2023-01-20,6.1200,78905,GCT
2023-01-19,6.1700,102347,GCT
2023-01-18,5.9500,226272,GCT
2023-01-17,6.0400,188172,GCT
2023-01-13,6.3000,206364,GCT
2023-01-12,6.0400,83852,GCT
2023-01-11,6.1100,78213,GCT
2023-01-10,6.0300,133746,GCT
2023-01-09,6.1000,127727,GCT
2023-01-06,6.3500,261477,GCT
2023-01-05,6.3600,555348,GCT
2023-01-04,5.6700,69482,GCT
2023-01-03,5.4700,54489,GCT
2022-12-30,5.6900,50020,GCT
2022-12-29,5.6000,50453,GCT
2022-12-28,5.3600,79319,GCT
2022-12-27,5.6300,136312,GCT
2022-12-23,5.5300,51642,GCT
2022-12-22,5.4100,82961,GCT
2022-12-21,5.7800,92240,GCT
2022-12-20,5.3700,77017,GCT
2022-12-19,5.6500,96397,GCT
2022-12-16,5.7300,99725,GCT
2022-12-15,5.7000,139158,GCT
2022-12-14,6.2500,85957,GCT
2022-12-13,6.4800,98140,GCT
2022-12-12,6.3600,87564,GCT
2022-12-09,6.6400,150724,GCT
2022-12-08,6.8800,129587,GCT
2022-12-07,6.5600,163063,GCT
2022-12-06,7.3400,181445,GCT
2022-12-05,7.8000,456034,GCT
2022-12-02,7.7300,230615,GCT
2022-12-01,7.3000,166881,GCT
2022-11-30,7.3700,639159,GCT
2022-11-29,7.9200,1796949,GCT
2022-11-28,7.9300,2065095,GCT
2022-11-25,6.1600,85454,GCT
2022-11-23,5.8200,83722,GCT
2022-11-22,5.7500,86680,GCT
2022-11-21,5.7000,84483,GCT
2022-11-18,5.9600,101339,GCT
2022-11-17,6.2000,78356,GCT
2022-11-16,6.0900,227513,GCT
2022-11-15,6.6100,369072,GCT
2022-11-14,6.4400,180135,GCT
2022-11-11,6.4300,377759,GCT
2022-11-10,5.9200,494561,GCT
2022-11-09,5.6600,522131,GCT
2022-11-08,5.4300,1264462,GCT
2022-11-07,5.9000,33039898,GCT
2022-11-04,4.6600,167665,GCT
2022-11-03,4.4200,72375,GCT
2022-11-02,4.2700,114406,GCT
2022-11-01,4.4900,117742,GCT
2022-10-31,4.6800,147331,GCT
2022-10-28,4.8600,73360,GCT
2022-10-27,4.7500,65895,GCT
2022-10-26,5.0500,166118,GCT
2022-10-25,5.2200,461441,GCT
2022-10-24,4.6000,222752,GCT
2022-10-21,5.0300,187836,GCT
2022-10-20,5.1300,143946,GCT
2022-10-19,5.1100,211062,GCT
2022-10-18,5.3200,297881,GCT
2022-10-17,5.6200,394065,GCT
2022-10-14,6.1900,495076,GCT
2022-10-13,6.1000,451934,GCT
2022-10-12,5.7000,529345,GCT
2022-10-11,6.3200,1117636,GCT
2022-10-10,6.1900,378938,GCT
2022-10-07,6.3800,489959,GCT
2022-10-06,7.3200,446863,GCT
2022-10-05,7.6700,390902,GCT
2022-10-04,7.6600,697506,GCT
2022-10-03,8.2400,979068,GCT
2022-09-30,10.1100,426128,GCT
2022-09-29,11.4600,333201,GCT
2022-09-28,12.1500,278214,GCT
2022-09-27,12.1000,184739,GCT
2022-09-26,12.4900,177125,GCT
2022-09-23,12.8200,365139,GCT
2022-09-22,13.3200,590419,GCT
2022-09-21,13.0000,434148,GCT
2022-09-20,13.7400,2809460,GCT
2022-09-19,13.2700,471646,GCT
2022-09-16,14.9900,540011,GCT
2022-09-15,16.1100,1384926,GCT
2022-09-14,17.0700,1047318,GCT
2022-09-13,16.8500,458312,GCT
2022-09-12,17.7500,455357,GCT
2022-09-09,18.1000,756759,GCT
2022-09-08,20.1000,1516132,GCT
2022-09-07,20.2200,1004225,GCT
2022-09-06,20.2900,2930469,GCT
2022-09-02,20.0400,3242702,GCT
2022-09-01,23.6500,18817382,GCT
2022-08-31,14.6500,1527873,GCT
2022-08-30,16.5700,957844,GCT
2022-08-29,19.3900,1797120,GCT
2022-08-26,19.3000,2446560,GCT
2022-08-25,25.2000,2395595,GCT
2022-08-24,29.8200,11624815,GCT
2022-08-23,26.6400,7793874,GCT
2022-08-22,41.4100,18397482,GCT
2022-08-19,48.0100,35106208,GCT
2022-08-18,15.6900,11535880,GCT
2023-11-03,0.3570,491126,MGAM
2023-11-02,0.3190,41039,MGAM
2023-11-01,0.3106,25045,MGAM
2023-10-31,0.3300,9883,MGAM
2023-10-30,0.3148,19564,MGAM
2023-10-27,0.3173,29512,MGAM
2023-10-26,0.3257,14702,MGAM
2023-10-25,0.3320,37078,MGAM
2023-10-24,0.3590,60977,MGAM
2023-10-23,0.3321,63149,MGAM
2023-10-20,0.3433,34038,MGAM
2023-10-19,0.3690,64087,MGAM
2023-10-18,0.3552,30250,MGAM
2023-10-17,0.3700,61284,MGAM
2023-10-16,0.3801,18502,MGAM
2023-10-13,0.4295,63047,MGAM
2023-10-12,0.4402,27890,MGAM
2023-10-11,0.4801,119017,MGAM
2023-10-10,0.4880,263144,MGAM
2023-10-09,0.5000,156909,MGAM
2023-10-06,0.5601,290572,MGAM
2023-10-05,0.5300,559341,MGAM
2023-10-04,0.4199,44718,MGAM
2023-10-03,0.3700,52685,MGAM
2023-10-02,0.3402,109598,MGAM
2023-09-29,0.3462,158568,MGAM
2023-09-28,0.3450,331689,MGAM
2023-09-27,0.3590,3759390,MGAM
2023-09-26,0.2922,80362,MGAM
2023-09-25,0.2900,82796,MGAM
2023-09-22,0.2850,127002,MGAM
2023-09-21,0.2820,129524,MGAM
2023-09-20,0.3060,88076,MGAM
2023-09-19,0.3150,105923,MGAM
2023-09-18,0.3312,150788,MGAM
2023-09-15,0.3490,69357,MGAM
2023-09-14,0.3799,283444,MGAM
2023-09-13,0.3834,98257,MGAM
2023-09-12,0.3900,49784,MGAM
2023-09-11,0.3981,60564,MGAM
2023-09-08,0.4095,28625,MGAM
2023-09-07,0.3820,47136,MGAM
2023-09-06,0.4300,39822,MGAM
2023-09-05,0.4228,44550,MGAM
2023-09-01,0.4201,179570,MGAM
2023-08-31,0.4403,50834,MGAM
2023-08-30,0.4430,24300,MGAM
2023-08-29,0.4655,110711,MGAM
2023-08-28,0.4700,179312,MGAM
2023-08-25,0.4758,108281,MGAM
2023-08-24,0.4700,76462,MGAM
2023-08-23,0.4600,139590,MGAM
2023-08-22,0.5100,223181,MGAM
2023-08-21,0.5098,348812,MGAM
2023-08-18,0.4343,170877,MGAM
2023-08-17,0.4685,620863,MGAM
2023-08-16,0.5338,195970,MGAM
2023-08-15,0.5301,52598,MGAM
2023-08-14,0.5600,104775,MGAM
2023-08-11,0.5760,89926,MGAM
2023-08-10,0.5695,131471,MGAM
2023-08-09,0.6000,199602,MGAM
2023-08-08,0.6140,1076299,MGAM
2023-08-07,0.5775,223607,MGAM
2023-08-04,0.5914,530200,MGAM
2023-08-03,0.7149,1791797,MGAM
2023-08-02,0.6500,2088086,MGAM
2023-08-01,0.8400,27267760,MGAM
2023-07-31,0.5259,4808400,MGAM
2023-07-28,0.5056,88840,MGAM
2023-07-27,0.5050,59740,MGAM
2023-07-26,0.5300,70136,MGAM
2023-07-25,0.5216,97137,MGAM
2023-07-24,0.4911,26498,MGAM
2023-07-21,0.5100,18880,MGAM
2023-07-20,0.5100,42140,MGAM
2023-07-19,0.5100,59669,MGAM
2023-07-18,0.4975,68999,MGAM
2023-07-17,0.5055,24882,MGAM
2023-07-14,0.5350,40160,MGAM
2023-07-13,0.5400,33064,MGAM
2023-07-12,0.5450,115150,MGAM
2023-07-11,0.5600,588105,MGAM
2023-07-10,0.5130,23533,MGAM
2023-07-07,0.4948,40589,MGAM
2023-07-06,0.5000,109962,MGAM
2023-07-05,0.4900,38551,MGAM
2023-07-03,0.4998,37466,MGAM
2023-06-30,0.4932,86410,MGAM
2023-06-29,0.5020,45239,MGAM
2023-06-28,0.4901,31934,MGAM
2023-06-27,0.4615,38583,MGAM
2023-06-26,0.4611,153699,MGAM
2023-06-23,0.4995,115888,MGAM
2023-06-22,0.5350,48882,MGAM
2023-06-21,0.5588,52721,MGAM
2023-06-20,0.5600,526831,MGAM
2023-06-16,0.6551,754582,MGAM
2023-06-15,0.5247,71071,MGAM
2023-06-14,0.5280,177576,MGAM
2023-06-13,0.5370,53231,MGAM
2023-06-12,0.5480,43248,MGAM
2023-06-09,0.5400,37993,MGAM
2023-06-08,0.5490,79256,MGAM
2023-06-07,0.5505,136308,MGAM
2023-06-06,0.5700,63488,MGAM
2023-06-05,0.5549,58889,MGAM
2023-06-02,0.5376,60699,MGAM
2023-06-01,0.5307,63350,MGAM
2023-05-31,0.5400,70263,MGAM
2023-05-30,0.5599,60133,MGAM
2023-05-26,0.5486,86884,MGAM
2023-05-25,0.5684,1268326,MGAM
2023-05-24,0.5501,32879,MGAM
2023-05-23,0.5548,52611,MGAM
2023-05-22,0.5499,117552,MGAM
2023-05-19,0.5599,87114,MGAM
2023-05-18,0.5301,35263,MGAM
2023-05-17,0.5599,74241,MGAM
2023-05-16,0.5401,84596,MGAM
2023-05-15,0.5425,64401,MGAM
2023-05-12,0.5302,121859,MGAM
2023-05-11,0.5725,159149,MGAM
2023-05-10,0.5925,84428,MGAM
2023-05-09,0.6250,27985,MGAM
2023-05-08,0.6081,73774,MGAM
2023-05-05,0.6350,59722,MGAM
2023-05-04,0.6300,170546,MGAM
2023-05-03,0.6395,74985,MGAM
2023-05-02,0.6601,313660,MGAM
2023-05-01,0.6800,114709,MGAM
2023-04-28,0.6251,198621,MGAM
2023-04-27,0.6513,271272,MGAM
2023-04-26,0.6573,148563,MGAM
2023-04-25,0.6611,156163,MGAM
2023-04-24,0.7150,59989,MGAM
2023-04-21,0.7290,81933,MGAM
2023-04-20,0.7211,147858,MGAM
2023-04-19,0.7600,152993,MGAM
2023-04-18,0.8000,1296644,MGAM
2023-04-17,0.7600,74462,MGAM
2023-04-14,0.7673,594502,MGAM
2023-04-13,0.7088,208048,MGAM
2023-04-12,0.6899,121631,MGAM
2023-04-11,0.7050,112917,MGAM
2023-04-10,0.7200,144559,MGAM
2023-04-06,0.7750,780809,MGAM
2023-04-05,0.7000,97126,MGAM
2023-04-04,0.7400,83401,MGAM
2023-04-03,0.7027,197595,MGAM
2023-03-31,0.6850,45500,MGAM
2023-03-30,0.6830,156497,MGAM
2023-03-29,0.7200,491050,MGAM
2023-03-28,0.6488,274047,MGAM
2023-03-27,0.6880,439824,MGAM
2023-03-24,0.6999,129901,MGAM
2023-03-23,0.6909,188685,MGAM
2023-03-22,0.7336,145255,MGAM
2023-03-21,0.7600,113971,MGAM
2023-03-20,0.7465,195850,MGAM
2023-03-17,0.7899,175712,MGAM
2023-03-16,0.7500,131553,MGAM
2023-03-15,0.7700,371566,MGAM
2023-03-14,0.8355,1584121,MGAM
2023-03-13,0.6705,226825,MGAM
2023-03-10,0.6490,579591,MGAM
2023-03-09,0.6912,510379,MGAM
2023-03-08,0.7150,441557,MGAM
2023-03-07,0.7000,523406,MGAM
2023-03-06,0.7500,1348852,MGAM
2023-03-03,0.7842,454928,MGAM
2023-03-02,0.7800,1541100,MGAM
2023-03-01,0.8080,302421,MGAM
2023-02-28,0.8405,229545,MGAM
2023-02-27,0.8731,527928,MGAM
2023-02-24,0.8600,1547903,MGAM
2023-02-23,1.0200,782059,MGAM
2023-02-22,0.9951,929104,MGAM
2023-02-21,1.0300,596795,MGAM
2023-02-17,1.1500,859459,MGAM
2023-02-16,1.3400,524731,MGAM
2023-02-15,1.4600,507442,MGAM
2023-02-14,1.5300,449521,MGAM
2023-02-13,1.7400,775657,MGAM
2023-02-10,1.7700,1515411,MGAM
2023-02-09,2.0300,609901,MGAM
2023-02-08,2.5800,2174459,MGAM
2023-02-07,2.3900,1037902,MGAM
2023-02-06,2.9000,762835,MGAM
2023-02-03,3.0000,5226254,MGAM
2023-02-02,3.4800,8883135,MGAM
2023-02-01,3.7400,71050883,MGAM
2023-01-31,2.5800,68705724,MGAM
2023-01-30,0.9850,98534,MGAM
2023-01-27,0.9620,79821,MGAM
2023-01-26,1.0100,121627,MGAM
2023-01-25,1.0100,163029,MGAM
2023-01-24,0.9900,132160,MGAM
2023-01-23,0.9793,196149,MGAM
2023-01-20,1.0300,205621,MGAM
2023-01-19,1.1042,138051,MGAM
2023-01-18,1.1400,143223,MGAM
2023-01-17,1.1099,170454,MGAM
2023-01-13,1.2600,460933,MGAM
2023-01-12,1.0900,423399,MGAM
2023-01-11,1.2800,371890,MGAM
2023-01-10,1.4100,903621,MGAM
2023-01-09,1.1900,1494623,MGAM
2023-01-06,1.2200,10544467,MGAM
2023-01-05,1.0850,591815,MGAM
2023-01-04,0.8940,121796,MGAM
2023-01-03,0.9398,591717,MGAM
2022-12-30,0.8248,128036,MGAM
2022-12-29,0.8867,126308,MGAM
2022-12-28,0.9303,457147,MGAM
2022-12-27,1.1200,573616,MGAM
2022-12-23,1.3600,5611073,MGAM
2022-12-22,1.0300,789346,MGAM
2022-12-21,0.9156,1951739,MGAM
2022-12-20,0.6402,20716,MGAM
2022-12-19,0.6600,50763,MGAM
2022-12-16,0.6901,29685,MGAM
2022-12-15,0.7230,19328,MGAM
2022-12-14,0.7570,18988,MGAM
2022-12-13,0.7200,76446,MGAM
2022-12-12,0.7201,66963,MGAM
2022-12-09,0.7850,66242,MGAM
2022-12-08,0.7650,40234,MGAM
2022-12-07,0.7300,60431,MGAM
2022-12-06,0.7711,25904,MGAM
2022-12-05,0.8091,38025,MGAM
2022-12-02,0.8199,44008,MGAM
2022-12-01,0.8153,57416,MGAM
2022-11-30,0.7850,60838,MGAM
2022-11-29,0.8496,31558,MGAM
2022-11-28,0.7700,28356,MGAM
2022-11-25,0.7800,40693,MGAM
2022-11-23,0.7600,35490,MGAM
2022-11-22,0.7901,25750,MGAM
2022-11-21,0.7672,41079,MGAM
2022-11-18,0.8051,13875,MGAM
2022-11-17,0.8155,19488,MGAM
2022-11-16,0.8707,30463,MGAM
2022-11-15,0.9050,33137,MGAM
2022-11-14,0.8794,47552,MGAM
2022-11-11,0.9000,56096,MGAM
2022-11-10,0.8902,61026,MGAM
2022-11-09,0.8995,69111,MGAM
2022-11-08,0.9800,45704,MGAM
2022-11-07,1.0000,19014,MGAM
2022-11-04,1.0102,75321,MGAM
2022-11-03,1.0700,28700,MGAM
2022-11-02,1.0650,107496,MGAM
2022-11-01,1.0900,42850,MGAM
2022-10-31,1.0800,214694,MGAM
2022-10-28,1.2200,46455,MGAM
2022-10-27,1.2100,24055,MGAM
2022-10-26,1.2800,24177,MGAM
2022-10-25,1.2800,40494,MGAM
2022-10-24,1.2000,38651,MGAM
2022-10-21,1.2300,48201,MGAM
2022-10-20,1.2100,91979,MGAM
2022-10-19,1.2992,65596,MGAM
2022-10-18,1.3700,66724,MGAM
2022-10-17,1.4400,43044,MGAM
2022-10-14,1.3800,49095,MGAM
2022-10-13,1.4400,75870,MGAM
2022-10-12,1.3500,41325,MGAM
2022-10-11,1.3500,76900,MGAM
2022-10-10,1.4400,68720,MGAM
2022-10-07,1.5200,90044,MGAM
2022-10-06,1.6700,138173,MGAM
2022-10-05,1.7900,87927,MGAM
2022-10-04,1.8600,146678,MGAM
2022-10-03,1.7600,171260,MGAM
2022-09-30,1.9000,226337,MGAM
2022-09-29,2.0700,118191,MGAM
2022-09-28,2.1900,243020,MGAM
2022-09-27,2.0400,217876,MGAM
2022-09-26,2.0400,254832,MGAM
2022-09-23,2.1100,290374,MGAM
2022-09-22,2.3400,599482,MGAM
2022-09-21,2.3100,2847794,MGAM
2022-09-20,3.0600,31943341,MGAM
2022-09-19,2.4200,2606279,MGAM
2022-09-16,2.3200,172027,MGAM
2022-09-15,2.3500,393466,MGAM
2022-09-14,2.4100,1559122,MGAM
2022-09-13,2.3441,641092,MGAM
2022-09-12,2.6200,532727,MGAM
2022-09-09,2.7500,255086,MGAM
2022-09-08,2.7300,664625,MGAM
2022-09-07,2.4500,601850,MGAM
2022-09-06,2.7426,547996,MGAM
2022-09-02,3.3700,1042624,MGAM
2022-09-01,3.7200,4396082,MGAM
2022-08-31,3.6200,12250102,MGAM
2022-08-30,5.3000,87152470,MGAM
2022-08-29,2.6000,743909,MGAM
2022-08-26,2.4700,343256,MGAM
2022-08-25,2.6000,280706,MGAM
2022-08-24,3.0000,762852,MGAM
2022-08-23,2.9200,215064,MGAM
2022-08-22,2.9400,303932,MGAM
2022-08-19,3.4400,350135,MGAM
2022-08-18,3.7600,388486,MGAM
2022-08-17,3.9400,350345,MGAM
2022-08-16,3.9200,718643,MGAM
2022-08-15,4.1200,1906848,MGAM
2022-08-12,3.8400,839611,MGAM
2022-08-11,4.0100,1458833,MGAM
2022-08-10,4.3500,1942513,MGAM
2022-08-09,4.6000,1494669,MGAM
2022-08-08,5.5500,2342685,MGAM
2022-08-05,6.1200,1184340,MGAM
2022-08-04,6.5500,5153721,MGAM
2022-08-03,6.2100,2612762,MGAM
2022-08-02,8.6300,5646778,MGAM
2022-08-01,12.9800,24345319,MGAM
2022-07-29,11.1900,15268866,MGAM
2023-11-03,0.3500,18825,ASST
2023-11-02,0.3520,57741,ASST
2023-11-01,0.3620,86249,ASST
2023-10-31,0.3900,55363,ASST
2023-10-30,0.3598,47290,ASST
2023-10-27,0.3600,17725,ASST
2023-10-26,0.3501,19239,ASST
2023-10-25,0.3500,68022,ASST
2023-10-24,0.3900,55312,ASST
2023-10-23,0.3400,65330,ASST
2023-10-20,0.3260,68066,ASST
2023-10-19,0.3605,105754,ASST
2023-10-18,0.3700,162591,ASST
2023-10-17,0.4600,22687,ASST
2023-10-16,0.4701,106673,ASST
2023-10-13,0.5361,502908,ASST
2023-10-12,0.5212,1041315,ASST
2023-10-11,0.4350,1223609,ASST
2023-10-10,0.3000,107440,ASST
2023-10-09,0.3001,107309,ASST
2023-10-06,0.3251,121496,ASST
2023-10-05,0.3300,77654,ASST
2023-10-04,0.3706,85170,ASST
2023-10-03,0.4400,66277,ASST
2023-10-02,0.4880,48134,ASST
2023-09-29,0.4951,61223,ASST
2023-09-28,0.4801,116187,ASST
2023-09-27,0.5440,57261,ASST
2023-09-26,0.4901,13723,ASST
2023-09-25,0.5100,19369,ASST
2023-09-22,0.5010,53058,ASST
2023-09-21,0.5575,5091,ASST
2023-09-20,0.5359,19305,ASST
2023-09-19,0.5396,15021,ASST
2023-09-18,0.5800,49344,ASST
2023-09-15,0.5916,26573,ASST
2023-09-14,0.6155,30584,ASST
2023-09-13,0.6150,8278,ASST
2023-09-12,0.6200,4099,ASST
2023-09-11,0.6100,17697,ASST
2023-09-08,0.6505,9551,ASST
2023-09-07,0.6130,37260,ASST
2023-09-06,0.6050,33986,ASST
2023-09-05,0.6411,64202,ASST
2023-09-01,0.6900,39412,ASST
2023-08-31,0.7300,19848,ASST
2023-08-30,0.7100,16248,ASST
2023-08-29,0.7244,24235,ASST
2023-08-28,0.6750,50102,ASST
2023-08-25,0.6200,23339,ASST
2023-08-24,0.6110,20206,ASST
2023-08-23,0.6100,35056,ASST
2023-08-22,0.6106,35391,ASST
2023-08-21,0.7100,16731,ASST
2023-08-18,0.7402,62241,ASST
2023-08-17,0.8100,110873,ASST
2023-08-16,0.8511,80329,ASST
2023-08-15,0.9975,94806,ASST
2023-08-14,1.0200,10625,ASST
2023-08-11,1.0262,32513,ASST
2023-08-10,1.0200,51517,ASST
2023-08-09,1.1200,46996,ASST
2023-08-08,1.0700,20428,ASST
2023-08-07,1.0600,12312,ASST
2023-08-04,1.1300,40637,ASST
2023-08-03,1.1200,40645,ASST
2023-08-02,1.1100,39558,ASST
2023-08-01,1.1000,80243,ASST
2023-07-31,1.2100,81047,ASST
2023-07-28,1.1500,29910,ASST
2023-07-27,1.0900,28153,ASST
2023-07-26,1.1598,92542,ASST
2023-07-25,1.1800,32315,ASST
2023-07-24,1.1900,42382,ASST
2023-07-21,1.2000,27062,ASST
2023-07-20,1.2700,32595,ASST
2023-07-19,1.2500,53291,ASST
2023-07-18,1.2800,90400,ASST
2023-07-17,1.3650,65233,ASST
2023-07-14,1.4450,105905,ASST
2023-07-13,1.4300,317569,ASST
2023-07-12,1.3300,259695,ASST
2023-07-11,1.3300,1113957,ASST
2023-07-10,1.6500,225736,ASST
2023-07-07,1.7400,144116,ASST
2023-07-06,1.8300,171001,ASST
2023-07-05,1.9000,238774,ASST
2023-07-03,1.7400,98318,ASST
2023-06-30,1.7400,224726,ASST
2023-06-29,1.8100,225344,ASST
2023-06-28,1.7600,482433,ASST
2023-06-27,1.8700,178164,ASST
2023-06-26,1.8900,741288,ASST
2023-06-23,2.4800,344296,ASST
2023-06-22,2.4300,885501,ASST
2023-06-21,2.3800,4423228,ASST
2023-06-20,2.0000,1461365,ASST
2023-06-16,2.1400,656168,ASST
2023-06-15,2.1100,1252872,ASST
2023-06-14,1.9750,7182051,ASST
2023-06-13,1.8000,8888720,ASST
2023-06-12,2.0200,90258008,ASST
2023-06-09,1.1500,671657,ASST
2023-06-08,1.3700,1613907,ASST
2023-06-07,1.2400,916450,ASST
2023-06-06,1.1600,250758,ASST
2023-06-05,1.1200,982667,ASST
2023-06-02,1.0001,41326,ASST
2023-06-01,0.9900,59792,ASST
2023-05-31,1.0300,74000,ASST
2023-05-30,1.0200,211794,ASST
2023-05-26,0.9649,166342,ASST
2023-05-25,1.1000,274916,ASST
2023-05-24,1.1400,1165799,ASST
2023-05-23,0.9499,188600,ASST
2023-05-22,0.8600,32198,ASST
2023-05-19,0.8906,45412,ASST
2023-05-18,0.9414,18747,ASST
2023-05-17,0.9899,23568,ASST
2023-05-16,0.9600,58025,ASST
2023-05-15,1.0340,34563,ASST
2023-05-12,0.9820,69169,ASST
2023-05-11,1.0107,150909,ASST
2023-05-10,0.9900,466745,ASST
2023-05-09,0.9300,71123,ASST
2023-05-08,0.9590,45414,ASST
2023-05-05,0.9495,23044,ASST
2023-05-04,0.9551,91633,ASST
2023-05-03,0.9500,171736,ASST
2023-05-02,0.9099,55322,ASST
2023-05-01,0.8900,60594,ASST
2023-04-28,0.8900,78764,ASST
2023-04-27,0.8773,206301,ASST
2023-04-26,0.8800,107115,ASST
2023-04-25,1.0000,480823,ASST
2023-04-24,0.9088,642399,ASST
2023-04-21,1.1550,12347728,ASST
2023-04-20,1.0300,75872,ASST
2023-04-19,1.1000,15956,ASST
2023-04-18,1.1100,62890,ASST
2023-04-17,1.1200,86069,ASST
2023-04-14,1.1000,254890,ASST
2023-04-13,0.9681,78491,ASST
2023-04-12,0.8617,30564,ASST
2023-04-11,0.9100,23604,ASST
2023-04-10,0.9100,33377,ASST
2023-04-06,0.9411,151351,ASST
2023-04-05,0.9000,159715,ASST
2023-04-04,1.0800,43356,ASST
2023-04-03,1.1400,162562,ASST
2023-03-31,1.3000,58935,ASST
2023-03-30,1.4500,38162,ASST
2023-03-29,1.4500,75250,ASST
2023-03-28,1.4800,54654,ASST
2023-03-27,1.5600,95379,ASST
2023-03-24,1.6700,47376,ASST
2023-03-23,1.6800,43773,ASST
2023-03-22,1.7500,84334,ASST
2023-03-21,1.8900,189317,ASST
2023-03-20,1.7500,606484,ASST
2023-03-17,1.5900,109793,ASST
2023-03-16,1.6000,41418,ASST
2023-03-15,1.6500,11522,ASST
2023-03-14,1.7100,51717,ASST
2023-03-13,1.6400,37612,ASST
2023-03-10,1.7400,106268,ASST
2023-03-09,1.7800,24858,ASST
2023-03-08,1.7500,179380,ASST
2023-03-07,1.8300,58706,ASST
2023-03-06,1.8600,283094,ASST
2023-03-03,2.1100,2535035,ASST
2023-03-02,2.0400,370347,ASST
2023-03-01,1.9000,867922,ASST
2023-02-28,1.6600,793376,ASST
2023-02-27,2.2100,3345905,ASST
2023-02-24,1.5500,38526,ASST
2023-02-23,1.7050,34446,ASST
2023-02-22,1.6700,39063,ASST
2023-02-21,1.6500,39005,ASST
2023-02-17,1.7400,41305,ASST
2023-02-16,1.6600,79079,ASST
2023-02-15,1.7900,194532,ASST
2023-02-14,1.7700,225907,ASST
2023-02-13,1.8300,775772,ASST
2023-02-10,1.7400,84397,ASST
2023-02-09,1.8700,366957,ASST
2023-02-08,2.2000,212950,ASST
2023-02-07,2.4300,149952,ASST
2023-02-06,2.5500,575125,ASST
2023-02-03,3.5500,2463379,ASST
2023-11-03,1.3100,4336,SNAL
2023-11-02,1.3100,18423,SNAL
2023-11-01,1.2100,16877,SNAL
2023-10-31,1.1700,1359,SNAL
2023-10-30,1.2700,13810,SNAL
2023-10-27,1.2500,16444,SNAL
2023-10-26,1.2700,6192,SNAL
2023-10-25,1.3000,13404,SNAL
2023-10-24,1.3500,18547,SNAL
2023-10-23,1.3700,13577,SNAL
2023-10-20,1.2728,3917,SNAL
2023-10-19,1.2400,11980,SNAL
2023-10-18,1.3100,2175,SNAL
2023-10-17,1.3500,14104,SNAL
2023-10-16,1.3200,12360,SNAL
2023-10-13,1.4000,4298,SNAL
2023-10-12,1.3800,14239,SNAL
2023-10-11,1.3400,4570,SNAL
2023-10-10,1.3700,3239,SNAL
2023-10-09,1.3700,876,SNAL
2023-10-06,1.3650,4201,SNAL
2023-10-05,1.3500,7041,SNAL
2023-10-04,1.3900,2310,SNAL
2023-10-03,1.3800,7938,SNAL
2023-10-02,1.2900,5540,SNAL
2023-09-29,1.1400,3555,SNAL
2023-09-28,1.1400,7149,SNAL
2023-09-27,1.1200,8630,SNAL
2023-09-26,1.0700,4043,SNAL
2023-09-25,1.0800,4476,SNAL
2023-09-22,1.0700,6137,SNAL
2023-09-21,1.1500,7574,SNAL
2023-09-20,1.1900,12852,SNAL
2023-09-19,1.1200,4461,SNAL
2023-09-18,1.1300,11295,SNAL
2023-09-15,1.1400,21912,SNAL
2023-09-14,1.1300,10466,SNAL
2023-09-13,1.1300,10679,SNAL
2023-09-12,1.1200,21212,SNAL
2023-09-11,1.1984,8989,SNAL
2023-09-08,1.1300,4259,SNAL
2023-09-07,1.1950,10195,SNAL
2023-09-06,1.3000,3528,SNAL
2023-09-05,1.2500,5496,SNAL
2023-09-01,1.2600,34585,SNAL
2023-08-31,1.1800,15427,SNAL
2023-08-30,1.2200,3471,SNAL
2023-08-29,1.2500,9198,SNAL
2023-08-28,1.2200,22357,SNAL
2023-08-25,1.3100,3937,SNAL
2023-08-24,1.3500,10951,SNAL
2023-08-23,1.3600,6906,SNAL
2023-08-22,1.3500,11046,SNAL
2023-08-21,1.4100,12977,SNAL
2023-08-18,1.4200,25680,SNAL
2023-08-17,1.5000,6276,SNAL
2023-08-16,1.4600,39198,SNAL
2023-08-15,1.6300,31026,SNAL
2023-08-14,1.6400,13524,SNAL
2023-08-11,1.6100,6088,SNAL
2023-08-10,1.6400,2724,SNAL
2023-08-09,1.6400,24778,SNAL
2023-08-08,1.7250,105241,SNAL
2023-08-07,1.6000,21277,SNAL
2023-08-04,1.5900,12895,SNAL
2023-08-03,1.7300,11234,SNAL
2023-08-02,1.7200,26436,SNAL
2023-08-01,1.8200,17988,SNAL
2023-07-31,1.8700,11096,SNAL
2023-07-28,1.7820,23819,SNAL
2023-07-27,1.8400,24062,SNAL
2023-07-26,1.7600,12262,SNAL
2023-07-25,1.8000,29547,SNAL
2023-07-24,1.8421,20579,SNAL
2023-07-21,1.9000,57347,SNAL
2023-07-20,1.9800,30912,SNAL
2023-07-19,1.9451,30506,SNAL
2023-07-18,2.0600,81221,SNAL
2023-07-17,1.9700,131268,SNAL
2023-07-14,1.8900,475319,SNAL
2023-07-13,2.0300,15107805,SNAL
2023-07-12,1.6500,75788,SNAL
2023-07-11,1.5800,244,SNAL
2023-07-10,1.5800,4227,SNAL
2023-07-07,1.5700,2435,SNAL
2023-07-06,1.5500,1873,SNAL
2023-07-05,1.5600,7795,SNAL
2023-07-03,1.5700,2899,SNAL
2023-06-30,1.5898,4244,SNAL
2023-06-29,1.5650,11643,SNAL
2023-06-28,1.5700,5787,SNAL
2023-06-27,1.6100,5795,SNAL
2023-06-26,1.6200,19910,SNAL
2023-06-23,1.6100,8353,SNAL
2023-06-22,1.6300,5146,SNAL
2023-06-21,1.6400,10099,SNAL
2023-06-20,1.5800,8194,SNAL
2023-06-16,1.6300,10455,SNAL
2023-06-15,1.6050,2663,SNAL
2023-06-14,1.5900,6029,SNAL
2023-06-13,1.5900,11470,SNAL
2023-06-12,1.5650,2288,SNAL
2023-06-09,1.5500,3199,SNAL
2023-06-08,1.5900,4732,SNAL
2023-06-07,1.6400,4723,SNAL
2023-06-06,1.5700,3573,SNAL
2023-06-05,1.5900,17049,SNAL
2023-06-02,1.6000,11248,SNAL
2023-06-01,1.5700,7930,SNAL
2023-05-31,1.6500,56130,SNAL
2023-05-30,1.6500,8762,SNAL
2023-05-26,1.6200,18751,SNAL
2023-05-25,1.5500,10705,SNAL
2023-05-24,1.5200,7121,SNAL
2023-05-23,1.5200,5364,SNAL
2023-05-22,1.4600,16144,SNAL
2023-05-19,1.5200,67607,SNAL
2023-05-18,1.4400,13413,SNAL
2023-05-17,1.4501,3054,SNAL
2023-05-16,1.4500,15912,SNAL
2023-05-15,1.4650,4021,SNAL
2023-05-12,1.4401,4721,SNAL
2023-05-11,1.3900,30557,SNAL
2023-05-10,1.7400,74862,SNAL
2023-05-09,1.5700,52711,SNAL
2023-05-08,1.4600,49000,SNAL
2023-05-05,1.3000,6144,SNAL
2023-05-04,1.2963,19262,SNAL
2023-05-03,1.2900,117591,SNAL
2023-05-02,1.2500,10850,SNAL
2023-05-01,1.3200,19476,SNAL
2023-04-28,1.2300,16224,SNAL
2023-04-27,1.1290,13590,SNAL
2023-04-26,1.0900,5178,SNAL
2023-04-25,1.1300,15282,SNAL
2023-04-24,1.1000,5206,SNAL
2023-04-21,1.0710,11534,SNAL
2023-04-20,1.0700,18654,SNAL
2023-04-19,1.1300,38136,SNAL
2023-04-18,1.1400,23358,SNAL
2023-04-17,1.2300,20653,SNAL
2023-04-14,1.3200,17381,SNAL
2023-04-13,1.3900,56325,SNAL
2023-04-12,1.1100,5480,SNAL
2023-04-11,1.1750,5674,SNAL
2023-04-10,1.2300,10446,SNAL
2023-04-06,1.1111,8356,SNAL
2023-04-05,1.1300,16782,SNAL
2023-04-04,1.2000,9117,SNAL
2023-04-03,1.2600,15898,SNAL
2023-03-31,1.3300,5307,SNAL
2023-03-30,1.3200,19463,SNAL
2023-03-29,1.3950,6986,SNAL
2023-03-28,1.3900,4595,SNAL
2023-03-27,1.4300,14785,SNAL
2023-03-24,1.3800,11121,SNAL
2023-03-23,1.3500,17108,SNAL
2023-03-22,1.3800,7326,SNAL
2023-03-21,1.3300,16889,SNAL
2023-03-20,1.3100,50090,SNAL
2023-03-17,1.3200,12610,SNAL
2023-03-16,1.3700,31911,SNAL
2023-03-15,1.3800,11119,SNAL
2023-03-14,1.4000,10857,SNAL
2023-03-13,1.4100,3888,SNAL
2023-03-10,1.4300,21476,SNAL
2023-03-09,1.5200,11364,SNAL
2023-03-08,1.4800,34349,SNAL
2023-03-07,1.5200,11422,SNAL
2023-03-06,1.5600,11205,SNAL
2023-03-03,1.6000,17709,SNAL
2023-03-02,1.6100,7339,SNAL
2023-03-01,1.5900,10548,SNAL
2023-02-28,1.5600,17664,SNAL
2023-02-27,1.5800,17127,SNAL
2023-02-24,1.5600,59614,SNAL
2023-02-23,1.6700,123314,SNAL
2023-02-22,1.6600,71795,SNAL
2023-02-21,1.7600,116201,SNAL
2023-02-17,2.0700,194389,SNAL
2023-02-16,1.7200,36124,SNAL
2023-02-15,1.7400,87047,SNAL
2023-02-14,1.6100,15122,SNAL
2023-02-13,1.5900,10489,SNAL
2023-02-10,1.5800,17518,SNAL
2023-02-09,1.6800,11795,SNAL
2023-02-08,1.7400,24122,SNAL
2023-02-07,1.6400,63974,SNAL
2023-02-06,1.7200,55183,SNAL
2023-02-03,1.7000,17737,SNAL
2023-02-02,1.7000,90832,SNAL
2023-02-01,1.7200,214398,SNAL
2023-01-31,1.6000,170566,SNAL
2023-01-30,1.7100,38286,SNAL
2023-01-27,1.7100,76541,SNAL
2023-01-26,1.7200,62495,SNAL
2023-01-25,1.7200,17842,SNAL
2023-01-24,1.7000,34065,SNAL
2023-01-23,1.7600,36904,SNAL
2023-01-20,1.8000,16320,SNAL
2023-01-19,1.7400,13896,SNAL
2023-01-18,1.7400,20176,SNAL
2023-01-17,1.8300,49346,SNAL
2023-01-13,1.7200,40775,SNAL
2023-01-12,1.7100,156297,SNAL
2023-01-11,1.4900,25371,SNAL
2023-01-10,1.4600,43909,SNAL
2023-01-09,1.4600,36196,SNAL
2023-01-06,1.5100,35897,SNAL
2023-01-05,1.4500,23497,SNAL
2023-01-04,1.5020,43823,SNAL
2023-01-03,1.3300,107389,SNAL
2022-12-30,1.4700,38416,SNAL
2022-12-29,1.5200,28890,SNAL
2022-12-28,1.4700,112244,SNAL
2022-12-27,1.3500,11627,SNAL
2022-12-23,1.3000,36437,SNAL
2022-12-22,1.4400,79302,SNAL
2022-12-21,1.4600,57613,SNAL
2022-12-20,1.4500,71442,SNAL
2022-12-19,1.4500,46459,SNAL
2022-12-16,1.4400,142459,SNAL
2022-12-15,1.7400,54159,SNAL
2022-12-14,1.8700,21780,SNAL
2022-12-13,1.8000,179094,SNAL
2022-12-12,2.0900,36014,SNAL
2022-12-09,2.0000,144007,SNAL
2022-12-08,2.1827,196147,SNAL
2022-12-07,2.2600,425256,SNAL
2022-12-06,2.2500,134652,SNAL
2022-12-05,2.4900,43155,SNAL
2022-12-02,2.5700,22633,SNAL
2022-12-01,2.5900,66870,SNAL
2022-11-30,2.6000,189363,SNAL
2022-11-29,2.6500,126481,SNAL
2022-11-28,2.5600,110440,SNAL
2022-11-25,2.8400,30562,SNAL
2022-11-23,2.8500,1305331,SNAL
2022-11-22,2.9200,179207,SNAL
2022-11-21,3.0850,192996,SNAL
2022-11-18,3.0400,230979,SNAL
2022-11-17,3.0500,336483,SNAL
2022-11-16,3.0900,410805,SNAL
2022-11-15,3.3500,920417,SNAL
2022-11-14,3.3700,1841289,SNAL
2022-11-11,3.0000,20072479,SNAL
2022-11-10,2.2500,3613353,SNAL
2023-11-03,0.6720,1638464,KSCP
2023-11-02,0.6900,604769,KSCP
2023-11-01,0.6587,409485,KSCP
2023-10-31,0.6615,1578527,KSCP
2023-10-30,0.6950,1173772,KSCP
2023-10-27,0.7375,776284,KSCP
2023-10-26,0.7581,385084,KSCP
2023-10-25,0.7850,737744,KSCP
2023-10-24,0.8350,350662,KSCP
2023-10-23,0.8101,860392,KSCP
2023-10-20,0.9000,531677,KSCP
2023-10-19,0.8802,1023308,KSCP
2023-10-18,0.9277,638286,KSCP
2023-10-17,0.9200,773394,KSCP
2023-10-16,0.9291,701309,KSCP
2023-10-13,0.8716,598178,KSCP
2023-10-12,0.9284,703626,KSCP
2023-10-11,0.9580,1417694,KSCP
2023-10-10,0.9624,2510575,KSCP
2023-10-09,0.8187,975824,KSCP
2023-10-06,0.8031,1348081,KSCP
2023-10-05,0.7660,640921,KSCP
2023-10-04,0.7534,871148,KSCP
2023-10-03,0.7200,668812,KSCP
2023-10-02,0.7256,971199,KSCP
2023-09-29,0.7929,1277240,KSCP
2023-09-28,0.7524,1231647,KSCP
2023-09-27,0.7424,1647098,KSCP
2023-09-26,0.7618,2211117,KSCP
2023-09-25,0.7700,4206187,KSCP
2023-09-22,0.7460,2310017,KSCP
2023-09-21,0.7390,1638998,KSCP
2023-09-20,0.7100,1387957,KSCP
2023-09-19,0.7701,1151308,KSCP
2023-09-18,0.7629,1911713,KSCP
2023-09-15,0.8500,1873888,KSCP
2023-09-14,0.9216,918430,KSCP
2023-09-13,0.9220,1562447,KSCP
2023-09-12,1.0400,2531096,KSCP
2023-09-11,0.8900,1575647,KSCP
2023-09-08,0.8820,1363999,KSCP
2023-09-07,0.9577,1912213,KSCP
2023-09-06,1.0200,1147345,KSCP
2023-09-05,1.0900,715047,KSCP
2023-09-01,1.1000,569577,KSCP
2023-08-31,1.1000,1200966,KSCP
2023-08-30,1.0800,1406912,KSCP
2023-08-29,1.1500,1221598,KSCP
2023-08-28,1.0800,1680784,KSCP
2023-08-25,1.1600,748330,KSCP
2023-08-24,1.1900,934335,KSCP
2023-08-23,1.1900,1369089,KSCP
2023-08-22,1.1700,2080064,KSCP
2023-08-21,1.2600,1730479,KSCP
2023-08-18,1.2600,1068046,KSCP
2023-08-17,1.2900,3071374,KSCP
2023-08-16,1.1900,2165574,KSCP
2023-08-15,1.3200,1608945,KSCP
2023-08-14,1.4100,2187824,KSCP
2023-08-11,1.5000,3453064,KSCP
2023-08-10,1.4200,3426653,KSCP
2023-08-09,1.2600,1930017,KSCP
2023-08-08,1.2400,3148264,KSCP
2023-08-07,1.1300,2905777,KSCP
2023-08-04,1.2600,2504480,KSCP
2023-08-03,1.3000,2680023,KSCP
2023-08-02,1.4300,1773061,KSCP
2023-08-01,1.4300,2658720,KSCP
2023-07-31,1.4300,2438385,KSCP
2023-07-28,1.5100,2948116,KSCP
2023-07-27,1.4600,7626396,KSCP
2023-07-26,1.6000,2810000,KSCP
2023-07-25,1.5800,3991178,KSCP
2023-07-24,1.6200,12161716,KSCP
2023-07-21,1.2000,8876266,KSCP
2023-07-20,1.6300,4042117,KSCP
2023-07-19,1.6900,5817697,KSCP
2023-07-18,1.7700,12575402,KSCP
2023-07-17,1.6600,25531702,KSCP
2023-07-14,2.1600,24375907,KSCP
2023-07-13,1.5700,18771630,KSCP
2023-07-12,1.5600,16060270,KSCP
2023-07-11,1.1600,10425173,KSCP
2023-07-10,0.8492,9402007,KSCP
2023-07-07,0.8390,9154878,KSCP
2023-07-06,0.7050,5152586,KSCP
2023-07-05,0.6815,6513756,KSCP
2023-07-03,0.5947,1739255,KSCP
2023-06-30,0.5309,3505454,KSCP
2023-06-29,0.5133,10529944,KSCP
2023-06-28,0.6999,25158429,KSCP
2023-06-27,0.4600,13562829,KSCP
2023-06-26,0.3813,2570302,KSCP
2023-06-23,0.3900,1550364,KSCP
2023-06-22,0.4000,1414831,KSCP
2023-06-21,0.4301,2650667,KSCP
2023-06-20,0.4700,2048524,KSCP
2023-06-16,0.5200,2200673,KSCP
2023-06-15,0.4877,1127628,KSCP
2023-06-14,0.4705,1498640,KSCP
2023-06-13,0.4750,2435644,KSCP
2023-06-12,0.4381,451111,KSCP
2023-06-09,0.4395,740733,KSCP
2023-06-08,0.4530,802281,KSCP
2023-06-07,0.4250,729017,KSCP
2023-06-06,0.4400,2492021,KSCP
2023-06-05,0.4500,1578298,KSCP
2023-06-02,0.4200,1588400,KSCP
2023-06-01,0.4250,2377614,KSCP
2023-05-31,0.3815,1990666,KSCP
2023-05-30,0.4000,832067,KSCP
2023-05-26,0.4189,1358245,KSCP
2023-05-25,0.4095,638994,KSCP
2023-05-24,0.4350,643884,KSCP
2023-05-23,0.4455,1197939,KSCP
2023-05-22,0.4500,795020,KSCP
2023-05-19,0.4800,865938,KSCP
2023-05-18,0.4698,813486,KSCP
2023-05-17,0.4671,2743318,KSCP
2023-05-16,0.4997,1536982,KSCP
2023-05-15,0.5715,1522294,KSCP
2023-05-12,0.5405,597631,KSCP
2023-05-11,0.5280,644972,KSCP
2023-05-10,0.5150,562049,KSCP
2023-05-09,0.5025,821245,KSCP
2023-05-08,0.5191,442409,KSCP
2023-05-05,0.5262,379418,KSCP
2023-05-04,0.5199,573720,KSCP
2023-05-03,0.5322,693518,KSCP
2023-05-02,0.5501,758278,KSCP
2023-05-01,0.5918,383467,KSCP
2023-04-28,0.6135,533694,KSCP
2023-04-27,0.6000,713885,KSCP
2023-04-26,0.5800,911372,KSCP
2023-04-25,0.6085,855406,KSCP
2023-04-24,0.5724,1056695,KSCP
2023-04-21,0.6294,806051,KSCP
2023-04-20,0.6548,817592,KSCP
2023-04-19,0.6730,993260,KSCP
2023-04-18,0.6991,1213242,KSCP
2023-04-17,0.7382,1625583,KSCP
2023-04-14,0.6402,1474712,KSCP
2023-04-13,0.6367,4017695,KSCP
2023-04-12,0.6800,687709,KSCP
2023-04-11,0.6980,1085331,KSCP
2023-04-10,0.6185,467500,KSCP
2023-04-06,0.6080,949489,KSCP
2023-04-05,0.6402,845029,KSCP
2023-04-04,0.6800,595782,KSCP
2023-04-03,0.7550,1016910,KSCP
2023-03-31,0.8909,515954,KSCP
2023-03-30,0.9274,387957,KSCP
2023-03-29,0.8827,1014684,KSCP
2023-03-28,1.0100,1769108,KSCP
2023-03-27,0.7699,420088,KSCP
2023-03-24,0.7410,301196,KSCP
2023-03-23,0.6900,458793,KSCP
2023-03-22,0.7056,735892,KSCP
2023-03-21,0.6743,779866,KSCP
2023-03-20,0.6465,543502,KSCP
2023-03-17,0.6800,1124923,KSCP
2023-03-16,0.7800,554919,KSCP
2023-03-15,0.7702,826848,KSCP
2023-03-14,0.8556,691228,KSCP
2023-03-13,0.9187,770061,KSCP
2023-03-10,1.0300,1741680,KSCP
2023-03-09,0.8700,1995502,KSCP
2023-03-08,1.0200,456024,KSCP
2023-03-07,1.0400,627593,KSCP
2023-03-06,1.1200,255304,KSCP
2023-03-03,1.1500,320602,KSCP
2023-03-02,1.1400,308749,KSCP
2023-03-01,1.1600,725212,KSCP
2023-02-28,1.1000,508003,KSCP
2023-02-27,1.1400,811377,KSCP
2023-02-24,1.0600,412193,KSCP
2023-02-23,1.0700,437111,KSCP
2023-02-22,1.0900,607251,KSCP
2023-02-21,1.1000,402115,KSCP
2023-02-17,1.1500,995659,KSCP
2023-02-16,1.2200,480187,KSCP
2023-02-15,1.3000,396674,KSCP
2023-02-14,1.3200,411987,KSCP
2023-02-13,1.3600,609726,KSCP
2023-02-10,1.4450,704106,KSCP
2023-02-09,1.6050,432264,KSCP
2023-02-08,1.7550,376605,KSCP
2023-02-07,1.8100,484409,KSCP
2023-02-06,1.6200,272694,KSCP
2023-02-03,1.6600,482479,KSCP
2023-02-02,1.6400,737235,KSCP
2023-02-01,1.5100,533960,KSCP
2023-01-31,1.5900,158627,KSCP
2023-01-30,1.6000,186777,KSCP
2023-01-27,1.6500,525204,KSCP
2023-01-26,1.6800,221033,KSCP
2023-01-25,1.7200,166688,KSCP
2023-01-24,1.7100,248334,KSCP
2023-01-23,1.6900,437089,KSCP
2023-01-20,1.7200,565410,KSCP
2023-01-19,1.6300,176092,KSCP
2023-01-18,1.6800,206624,KSCP
2023-01-17,1.6900,135635,KSCP
2023-01-13,1.7600,287923,KSCP
2023-01-12,1.7100,635390,KSCP
2023-01-11,1.8000,156334,KSCP
2023-01-10,1.8200,223829,KSCP
2023-01-09,1.8200,297718,KSCP
2023-01-06,1.9900,165763,KSCP
2023-01-05,1.9600,181457,KSCP
2023-01-04,1.9500,236772,KSCP
2023-01-03,1.8700,269815,KSCP
2022-12-30,1.8900,342568,KSCP
2022-12-29,1.8300,364847,KSCP
2022-12-28,1.7000,319257,KSCP
2022-12-27,1.6400,213603,KSCP
2022-12-23,1.7100,202286,KSCP
2022-12-22,1.6600,346453,KSCP
2022-12-21,1.6400,750500,KSCP
2022-12-20,1.3600,177853,KSCP
2022-12-19,1.4500,153950,KSCP
2022-12-16,1.5200,206285,KSCP
2022-12-15,1.5000,140179,KSCP
2022-12-14,1.4900,645492,KSCP
2022-12-13,1.6550,1380151,KSCP
2022-12-12,1.7100,472412,KSCP
2022-12-09,1.9000,180611,KSCP
2022-12-08,1.9800,343469,KSCP
2022-12-07,2.0500,172522,KSCP
2022-12-06,2.0900,167289,KSCP
2022-12-05,2.1500,163463,KSCP
2022-12-02,2.3000,111172,KSCP
2022-12-01,2.2700,164800,KSCP
2022-11-30,2.1800,154392,KSCP
2022-11-29,2.1600,525135,KSCP
2022-11-28,2.2700,178640,KSCP
2022-11-25,2.1500,148456,KSCP
2022-11-23,2.3200,92498,KSCP
2022-11-22,2.3500,226837,KSCP
2022-11-21,2.5800,132742,KSCP
2022-11-18,2.6000,106119,KSCP
2022-11-17,2.5900,85284,KSCP
2022-11-16,2.6400,83265,KSCP
2022-11-15,2.6300,312158,KSCP
2022-11-14,2.6700,234997,KSCP
2022-11-11,2.7100,77113,KSCP
2022-11-10,2.9800,106708,KSCP
2022-11-09,2.9800,39347,KSCP
2022-11-08,3.0700,61675,KSCP
2022-11-07,3.1200,21754,KSCP
2022-11-04,3.1500,91393,KSCP
2022-11-03,3.2200,33131,KSCP
2022-11-02,3.2600,50099,KSCP
2022-11-01,3.3800,138574,KSCP
2022-10-31,3.3600,130019,KSCP
2022-10-28,3.1100,57535,KSCP
2022-10-27,3.0000,233833,KSCP
2022-10-26,2.8400,67430,KSCP
2022-10-25,2.6500,72716,KSCP
2022-10-24,2.6500,51683,KSCP
2022-10-21,2.7500,86452,KSCP
2022-10-20,2.7500,87055,KSCP
2022-10-19,2.5400,39464,KSCP
2022-10-18,2.6500,46087,KSCP
2022-10-17,2.6000,57685,KSCP
2022-10-14,2.5600,40186,KSCP
2022-10-13,2.5600,41768,KSCP
2022-10-12,2.5200,73671,KSCP
2022-10-11,2.4400,124930,KSCP
2022-10-10,2.4800,69674,KSCP
2022-10-07,2.4200,73089,KSCP
2022-10-06,2.5000,32582,KSCP
2022-10-05,2.5200,44226,KSCP
2022-10-04,2.5800,84667,KSCP
2022-10-03,2.4800,149257,KSCP
2022-09-30,2.4200,169166,KSCP
2022-09-29,2.5700,141051,KSCP
2022-09-28,2.6400,59437,KSCP
2022-09-27,2.5400,89451,KSCP
2022-09-26,2.5500,177588,KSCP
2022-09-23,2.7700,148703,KSCP
2022-09-22,2.9100,152942,KSCP
2022-09-21,2.9600,146173,KSCP
2022-09-20,3.0000,355928,KSCP
2022-09-19,2.9200,247326,KSCP
2022-09-16,2.9400,972257,KSCP
2022-09-15,2.8700,361273,KSCP
2022-09-14,2.7700,344265,KSCP
2022-09-13,2.7500,105432,KSCP
2022-09-12,2.7800,100254,KSCP
2022-09-09,2.8400,120614,KSCP
2022-09-08,2.7400,104745,KSCP
2022-09-07,2.6500,88362,KSCP
2022-09-06,2.6300,163439,KSCP
2022-09-02,2.6600,81348,KSCP
2022-09-01,2.6500,108485,KSCP
2022-08-31,2.6200,101429,KSCP
2022-08-30,2.5900,240015,KSCP
2022-08-29,2.6000,130590,KSCP
2022-08-26,2.6900,295190,KSCP
2022-08-25,2.8400,68454,KSCP
2022-08-24,2.8200,333346,KSCP
2022-08-23,2.8800,125652,KSCP
2022-08-22,2.9500,114850,KSCP
2022-08-19,3.0500,60450,KSCP
2022-08-18,3.0000,193945,KSCP
2022-08-17,3.1600,125388,KSCP
2022-08-16,3.4000,554850,KSCP
2022-08-15,3.5500,73332,KSCP
2022-08-12,3.5100,101289,KSCP
2022-08-11,3.4200,232180,KSCP
2022-08-10,3.1800,144932,KSCP
2022-08-09,3.2700,91078,KSCP
2022-08-08,3.2500,111604,KSCP
2022-08-05,3.1500,226375,KSCP
2022-08-04,3.1100,155791,KSCP
2022-08-03,2.9900,524210,KSCP
2022-08-02,2.9400,84866,KSCP
2022-08-01,2.9700,58988,KSCP
2022-07-29,3.0000,177345,KSCP
2022-07-28,2.8700,180768,KSCP
2022-07-27,2.6800,217406,KSCP
2022-07-26,2.6700,131266,KSCP
2022-07-25,2.6600,141415,KSCP
2022-07-22,2.7700,246452,KSCP
2022-07-21,2.9700,457508,KSCP
2022-07-20,2.9500,128554,KSCP
2022-07-19,2.9200,128601,KSCP
2022-07-18,2.8900,223493,KSCP
2022-07-15,2.9600,296492,KSCP
2022-07-14,3.0200,124234,KSCP
2022-07-13,3.0400,200524,KSCP
2022-07-12,3.0400,477638,KSCP
2022-07-11,3.2100,3206689,KSCP
2022-07-08,3.2100,454812,KSCP
2022-07-07,3.0700,123477,KSCP
2022-07-06,2.9800,81284,KSCP
2022-07-05,2.9500,105807,KSCP
2022-07-01,3.0200,55321,KSCP
2022-06-30,3.0000,128798,KSCP
2022-06-29,3.0000,201904,KSCP
2022-06-28,3.1800,132027,KSCP
2022-06-27,3.1600,136559,KSCP
2022-06-24,3.2300,195950,KSCP
2022-06-23,3.2300,128219,KSCP
2022-06-22,3.2300,150752,KSCP
2022-06-21,3.2400,328163,KSCP
2022-06-17,3.1700,497197,KSCP
2022-06-16,3.3800,188561,KSCP
2022-06-15,3.3700,296946,KSCP
2022-06-14,3.3500,100350,KSCP
2022-06-13,3.4300,240524,KSCP
2022-06-10,4.0300,344348,KSCP
2022-06-09,4.2400,240499,KSCP
2022-06-08,4.3200,454813,KSCP
2022-06-07,4.1300,288197,KSCP
2022-06-06,4.0700,790349,KSCP
2022-06-03,3.2800,119585,KSCP
2022-06-02,3.4000,206625,KSCP
2022-06-01,3.1300,365826,KSCP
2022-05-31,3.3000,142762,KSCP
2022-05-27,3.5600,252072,KSCP
2022-05-26,3.2300,237252,KSCP
2022-05-25,3.1700,240791,KSCP
2022-05-24,3.0000,172934,KSCP
2022-05-23,3.0700,261344,KSCP
2022-05-20,3.1900,223072,KSCP
2022-05-19,3.4400,264428,KSCP
2022-05-18,3.5800,139273,KSCP
2022-05-17,3.7200,144366,KSCP
2022-05-16,3.7600,66025,KSCP
2022-05-13,3.8200,230136,KSCP
2022-05-12,3.7700,336456,KSCP
2022-05-11,3.9600,174384,KSCP
2022-05-10,3.9900,146588,KSCP
2022-05-09,4.0300,228230,KSCP
2022-05-06,4.3300,274734,KSCP
2022-05-05,4.1300,148585,KSCP
2022-05-04,4.4400,150876,KSCP
2022-05-03,4.4700,148496,KSCP
2022-05-02,4.2400,250070,KSCP
2022-04-29,4.0100,118264,KSCP
2022-04-28,4.0300,351687,KSCP
2022-04-27,4.1800,381214,KSCP
2022-04-26,4.3400,557291,KSCP
2022-04-25,4.0800,233506,KSCP
2022-04-22,4.1700,222463,KSCP
2022-04-21,4.2800,688736,KSCP
2022-04-20,4.2600,214423,KSCP
2022-04-19,4.3400,396067,KSCP
2022-04-18,4.7700,152365,KSCP
2022-04-14,4.8300,747825,KSCP
2022-04-13,4.2800,390597,KSCP
2022-04-12,4.0200,244630,KSCP
2022-04-11,4.2000,288556,KSCP
2022-04-08,4.0400,369052,KSCP
2022-04-07,4.1500,575380,KSCP
2022-04-06,4.4100,738128,KSCP
2022-04-05,4.8300,1247253,KSCP
2022-04-04,5.0400,2164311,KSCP
2022-04-01,4.5450,1182469,KSCP
2022-03-31,5.0400,286768,KSCP
2022-03-30,5.1300,956894,KSCP
2022-03-29,5.2200,404274,KSCP
2022-03-28,5.2100,455568,KSCP
2022-03-25,5.3900,636263,KSCP
2022-03-24,5.9400,389699,KSCP
2022-03-23,6.0000,1296136,KSCP
2022-03-22,5.7000,788556,KSCP
2022-03-21,5.2000,475143,KSCP
2022-03-18,5.3800,641091,KSCP
2022-03-17,5.4300,599217,KSCP
2022-03-16,5.4700,4884947,KSCP
2022-03-15,5.1900,1751836,KSCP
2022-03-14,5.4300,17013475,KSCP
2022-03-11,5.0700,426187,KSCP
2022-03-10,5.4200,404334,KSCP
2022-03-09,5.7200,893736,KSCP
2022-03-08,5.4200,501092,KSCP
2022-03-07,5.5800,695079,KSCP
2022-03-04,6.2500,518280,KSCP
2022-03-03,6.3200,732282,KSCP
2022-03-02,6.7100,699537,KSCP
2022-03-01,6.3800,370753,KSCP
2022-02-28,6.7200,459311,KSCP
2022-02-25,7.0700,1182667,KSCP
2022-02-24,6.4800,897302,KSCP
2022-02-23,6.8400,1046185,KSCP
2022-02-22,7.6300,1078002,KSCP
2022-02-18,8.2700,1855021,KSCP
2022-02-17,8.5500,4887969,KSCP
2022-02-16,9.3900,35517750,KSCP
2022-02-15,8.2500,16655372,KSCP
2022-02-14,8.4000,68977262,KSCP
2022-02-11,6.3200,1070191,KSCP
2022-02-10,7.0800,1485453,KSCP
2022-02-09,7.3600,2158422,KSCP
2022-02-08,7.3400,2582293,KSCP
2022-02-07,7.8800,2803822,KSCP
2022-02-04,9.0100,3295685,KSCP
2022-02-03,8.8800,8704423,KSCP
2022-02-02,9.5500,12613046,KSCP
2022-02-01,12.4400,18493106,KSCP
2022-01-31,21.4000,42899912,KSCP
2022-01-28,16.2900,26574308,KSCP
2022-01-27,5.9100,1608576,KSCP
